-- phpMyAdmin SQL Dump
-- version 4.5.1
-- http://www.phpmyadmin.net
--
-- Host: 127.0.0.1
-- Generation Time: Jun 07, 2019 at 12:55 PM
-- Server version: 10.1.13-MariaDB
-- PHP Version: 7.0.8

SET SQL_MODE = "NO_AUTO_VALUE_ON_ZERO";
SET time_zone = "+00:00";


/*!40101 SET @OLD_CHARACTER_SET_CLIENT=@@CHARACTER_SET_CLIENT */;
/*!40101 SET @OLD_CHARACTER_SET_RESULTS=@@CHARACTER_SET_RESULTS */;
/*!40101 SET @OLD_COLLATION_CONNECTION=@@COLLATION_CONNECTION */;
/*!40101 SET NAMES utf8mb4 */;

--
-- Database: `quiz`
--

-- --------------------------------------------------------

--
-- Table structure for table `answer`
--

CREATE TABLE `answer` (
  `answer_id` int(11) NOT NULL,
  `question_id` int(11) NOT NULL,
  `answer` text NOT NULL,
  `deleted` int(1) NOT NULL,
  `deleted_at` datetime NOT NULL,
  `deleted_by` int(11) NOT NULL
) ENGINE=InnoDB DEFAULT CHARSET=latin1;

--
-- Dumping data for table `answer`
--

INSERT INTO `answer` (`answer_id`, `question_id`, `answer`, `deleted`, `deleted_at`, `deleted_by`) VALUES
(1, 1, '5', 0, '0000-00-00 00:00:00', 0),
(2, 1, '2', 0, '0000-00-00 00:00:00', 0),
(3, 1, '3', 0, '0000-00-00 00:00:00', 0),
(4, 1, '4', 0, '0000-00-00 00:00:00', 0),
(5, 1, '1', 0, '0000-00-00 00:00:00', 0),
(6, 2, '&', 0, '0000-00-00 00:00:00', 0),
(7, 2, '&=', 0, '0000-00-00 00:00:00', 0),
(8, 2, '^=', 0, '0000-00-00 00:00:00', 0),
(9, 2, '~', 0, '0000-00-00 00:00:00', 0),
(10, 2, '<<', 0, '0000-00-00 00:00:00', 0),
(11, 2, '>>', 0, '0000-00-00 00:00:00', 0),
(12, 2, '<=', 0, '0000-00-00 00:00:00', 0),
(13, 3, '<<', 0, '0000-00-00 00:00:00', 0),
(14, 3, '>>>', 0, '0000-00-00 00:00:00', 0),
(15, 3, '^', 0, '0000-00-00 00:00:00', 0),
(16, 3, '&', 0, '0000-00-00 00:00:00', 0),
(17, 3, '>>', 0, '0000-00-00 00:00:00', 0),
(18, 3, '~', 0, '0000-00-00 00:00:00', 0),
(19, 4, '1', 0, '0000-00-00 00:00:00', 0),
(20, 4, '32', 0, '0000-00-00 00:00:00', 0),
(21, 4, '33', 0, '0000-00-00 00:00:00', 0),
(22, 4, '30', 0, '0000-00-00 00:00:00', 0),
(23, 4, '2', 0, '0000-00-00 00:00:00', 0),
(24, 4, '31', 0, '0000-00-00 00:00:00', 0),
(25, 5, '<<', 0, '0000-00-00 00:00:00', 0),
(26, 5, '<<=', 0, '0000-00-00 00:00:00', 0),
(27, 5, '>>>', 0, '0000-00-00 00:00:00', 0),
(28, 5, '>>=', 0, '0000-00-00 00:00:00', 0),
(29, 5, '>>', 0, '0000-00-00 00:00:00', 0),
(30, 6, 'Integer', 0, '0000-00-00 00:00:00', 0),
(31, 6, 'Characters', 0, '0000-00-00 00:00:00', 0),
(32, 6, 'Double', 0, '0000-00-00 00:00:00', 0),
(33, 6, 'Float', 0, '0000-00-00 00:00:00', 0),
(34, 6, 'Long', 0, '0000-00-00 00:00:00', 0),
(35, 6, 'Short', 0, '0000-00-00 00:00:00', 0),
(36, 6, 'Boolean', 0, '0000-00-00 00:00:00', 0),
(37, 7, 'true and false are numeric values 1 and 0', 0, '0000-00-00 00:00:00', 0),
(38, 7, 'true and false are numeric values 0 and 1', 0, '0000-00-00 00:00:00', 0),
(39, 7, 'true is any non zero value and false is 0', 0, '0000-00-00 00:00:00', 0),
(40, 7, 'true is greater than 0 and false is less than 0', 0, '0000-00-00 00:00:00', 0),
(41, 7, 'true and false are non numeric values', 0, '0000-00-00 00:00:00', 0),
(42, 8, 'Single Inheritance', 0, '0000-00-00 00:00:00', 0),
(43, 8, 'Multilevel Inheritance', 0, '0000-00-00 00:00:00', 0),
(44, 8, 'Hierarchical Inheritance', 0, '0000-00-00 00:00:00', 0),
(45, 8, 'Hybrid Inheritance', 0, '0000-00-00 00:00:00', 0),
(46, 8, 'Multiple Inheritance', 0, '0000-00-00 00:00:00', 0),
(47, 9, 'Execution time polymorphism', 0, '0000-00-00 00:00:00', 0),
(48, 9, 'Multiple polymorphism', 0, '0000-00-00 00:00:00', 0),
(49, 9, 'Multilevel polymorphism', 0, '0000-00-00 00:00:00', 0),
(50, 9, 'Hierarchical polymorphism', 0, '0000-00-00 00:00:00', 0),
(51, 9, 'Single polymorphism', 0, '0000-00-00 00:00:00', 0),
(52, 9, 'Compile time polymorphism', 0, '0000-00-00 00:00:00', 0),
(53, 10, 'At run time', 0, '0000-00-00 00:00:00', 0),
(54, 10, 'At coding time', 0, '0000-00-00 00:00:00', 0),
(55, 10, 'At execution time', 0, '0000-00-00 00:00:00', 0),
(56, 10, 'None of the Above', 0, '0000-00-00 00:00:00', 0),
(57, 10, 'At compile time', 0, '0000-00-00 00:00:00', 0),
(58, 11, 'Inheritance', 0, '0000-00-00 00:00:00', 0),
(59, 11, 'Polymorphism', 0, '0000-00-00 00:00:00', 0),
(60, 11, 'Abstraction', 0, '0000-00-00 00:00:00', 0),
(61, 11, 'None of the above', 0, '0000-00-00 00:00:00', 0),
(62, 11, 'Encapsulation', 0, '0000-00-00 00:00:00', 0),
(63, 12, 'JVM', 0, '0000-00-00 00:00:00', 0),
(64, 12, 'JIT', 0, '0000-00-00 00:00:00', 0),
(65, 12, 'JRE', 0, '0000-00-00 00:00:00', 0),
(66, 12, 'All of the above', 0, '0000-00-00 00:00:00', 0),
(67, 12, 'None of the above', 0, '0000-00-00 00:00:00', 0),
(68, 12, 'JDK', 0, '0000-00-00 00:00:00', 0),
(69, 13, 'JVM', 0, '0000-00-00 00:00:00', 0),
(70, 13, 'JDK', 0, '0000-00-00 00:00:00', 0),
(71, 13, 'JIT', 0, '0000-00-00 00:00:00', 0),
(72, 13, 'All of the above', 0, '0000-00-00 00:00:00', 0),
(73, 13, 'None of the above', 0, '0000-00-00 00:00:00', 0),
(74, 13, 'JRE', 0, '0000-00-00 00:00:00', 0),
(75, 14, 'Platform dependent programming language', 0, '0000-00-00 00:00:00', 0),
(76, 14, 'Code dependent programming language', 0, '0000-00-00 00:00:00', 0),
(77, 14, 'Sequence dependent programming language', 0, '0000-00-00 00:00:00', 0),
(78, 14, 'All of the above', 0, '0000-00-00 00:00:00', 0),
(79, 14, 'None of the above', 0, '0000-00-00 00:00:00', 0),
(80, 14, 'Platform independent programming language', 0, '0000-00-00 00:00:00', 0),
(81, 15, 'public', 0, '0000-00-00 00:00:00', 0),
(82, 15, 'static', 0, '0000-00-00 00:00:00', 0),
(83, 15, 'final', 0, '0000-00-00 00:00:00', 0),
(84, 15, 'All of the above', 0, '0000-00-00 00:00:00', 0),
(85, 15, 'None of the above', 0, '0000-00-00 00:00:00', 0),
(86, 15, 'private', 0, '0000-00-00 00:00:00', 0),
(87, 16, '.class', 0, '0000-00-00 00:00:00', 0),
(88, 16, '.txt', 0, '0000-00-00 00:00:00', 0),
(89, 16, '.js', 0, '0000-00-00 00:00:00', 0),
(90, 16, '.docx', 0, '0000-00-00 00:00:00', 0),
(91, 16, '.pdf', 0, '0000-00-00 00:00:00', 0),
(92, 16, '.exe', 0, '0000-00-00 00:00:00', 0),
(93, 16, '.asm', 0, '0000-00-00 00:00:00', 0),
(94, 16, '.java', 0, '0000-00-00 00:00:00', 0),
(95, 17, '.java', 0, '0000-00-00 00:00:00', 0),
(96, 17, '.txt', 0, '0000-00-00 00:00:00', 0),
(97, 17, '.js', 0, '0000-00-00 00:00:00', 0),
(98, 17, '.pdf', 0, '0000-00-00 00:00:00', 0),
(99, 17, '.docx', 0, '0000-00-00 00:00:00', 0),
(100, 17, '.class', 0, '0000-00-00 00:00:00', 0),
(101, 18, 'They convert byte code to machine language code', 0, '0000-00-00 00:00:00', 0),
(102, 18, 'They are intermediated between JIT and JVM', 0, '0000-00-00 00:00:00', 0),
(103, 18, 'It is a synonym for JIT', 0, '0000-00-00 00:00:00', 0),
(104, 18, 'None of the above', 0, '0000-00-00 00:00:00', 0),
(105, 18, 'All of the above', 0, '0000-00-00 00:00:00', 0),
(106, 19, 'finalize', 0, '0000-00-00 00:00:00', 0),
(107, 19, 'delete', 0, '0000-00-00 00:00:00', 0),
(108, 19, 'class', 0, '0000-00-00 00:00:00', 0),
(109, 19, 'object', 0, '0000-00-00 00:00:00', 0),
(110, 19, 'None of the above', 0, '0000-00-00 00:00:00', 0),
(111, 19, 'constructor', 0, '0000-00-00 00:00:00', 0),
(112, 20, 'import', 0, '0000-00-00 00:00:00', 0),
(113, 20, 'catch', 0, '0000-00-00 00:00:00', 0),
(114, 20, 'abstract', 0, '0000-00-00 00:00:00', 0),
(115, 20, 'try', 0, '0000-00-00 00:00:00', 0),
(116, 20, 'extends', 0, '0000-00-00 00:00:00', 0),
(117, 20, 'finally', 0, '0000-00-00 00:00:00', 0),
(118, 20, 'super', 0, '0000-00-00 00:00:00', 0),
(119, 20, 'this', 0, '0000-00-00 00:00:00', 0),
(120, 21, 'Create', 0, '0000-00-00 00:00:00', 0),
(121, 21, 'Evaluation', 0, '0000-00-00 00:00:00', 0),
(122, 21, 'Pop', 0, '0000-00-00 00:00:00', 0),
(123, 21, 'Insert', 0, '0000-00-00 00:00:00', 0),
(124, 21, 'None of the above', 0, '0000-00-00 00:00:00', 0),
(125, 21, 'Push', 0, '0000-00-00 00:00:00', 0),
(126, 22, 'Create', 0, '0000-00-00 00:00:00', 0),
(127, 22, 'Push', 0, '0000-00-00 00:00:00', 0),
(128, 22, 'Evaluation', 0, '0000-00-00 00:00:00', 0),
(129, 22, 'Delete', 0, '0000-00-00 00:00:00', 0),
(130, 22, 'None of the above', 0, '0000-00-00 00:00:00', 0),
(131, 22, 'Pop', 0, '0000-00-00 00:00:00', 0),
(132, 23, 'Empty collection', 0, '0000-00-00 00:00:00', 0),
(133, 23, 'Overflow', 0, '0000-00-00 00:00:00', 0),
(134, 23, 'Garbage Collection', 0, '0000-00-00 00:00:00', 0),
(135, 23, 'All of the above', 0, '0000-00-00 00:00:00', 0),
(136, 23, 'Underflow', 0, '0000-00-00 00:00:00', 0),
(137, 24, 'A parentheses balancing program', 0, '0000-00-00 00:00:00', 0),
(138, 24, 'Tracking of local variables at runtime', 0, '0000-00-00 00:00:00', 0),
(139, 24, 'Compiler Syntax Analyzer', 0, '0000-00-00 00:00:00', 0),
(140, 24, 'None of the above', 0, '0000-00-00 00:00:00', 0),
(141, 24, 'All of the above', 0, '0000-00-00 00:00:00', 0),
(142, 25, 'Stack', 0, '0000-00-00 00:00:00', 0),
(143, 25, 'Tree', 0, '0000-00-00 00:00:00', 0),
(144, 25, 'Linkedlist', 0, '0000-00-00 00:00:00', 0),
(145, 25, 'Array', 0, '0000-00-00 00:00:00', 0),
(146, 25, 'List', 0, '0000-00-00 00:00:00', 0),
(147, 25, 'Queue', 0, '0000-00-00 00:00:00', 0),
(148, 26, 'Stack', 0, '0000-00-00 00:00:00', 0),
(149, 26, 'Array', 0, '0000-00-00 00:00:00', 0),
(150, 26, 'Tree', 0, '0000-00-00 00:00:00', 0),
(151, 26, 'None of the above', 0, '0000-00-00 00:00:00', 0),
(152, 26, 'Queue', 0, '0000-00-00 00:00:00', 0),
(153, 27, 'LIFO (Last In First Out) list', 0, '0000-00-00 00:00:00', 0),
(154, 27, 'Ordered array', 0, '0000-00-00 00:00:00', 0),
(155, 27, 'Linear tree', 0, '0000-00-00 00:00:00', 0),
(156, 27, 'Unordered array', 0, '0000-00-00 00:00:00', 0),
(157, 28, 'FIFO (First In First Out) list', 0, '0000-00-00 00:00:00', 0),
(158, 28, 'Front=(rear+1)modMAX_SIZE', 0, '0000-00-00 00:00:00', 0),
(159, 28, 'Front=rear+1', 0, '0000-00-00 00:00:00', 0),
(160, 28, 'Rear=front', 0, '0000-00-00 00:00:00', 0),
(161, 28, 'None of the above', 0, '0000-00-00 00:00:00', 0),
(162, 28, 'All of the above', 0, '0000-00-00 00:00:00', 0),
(163, 28, 'Rear = MAX_SIZE -1', 0, '0000-00-00 00:00:00', 0),
(164, 29, 'BCDA', 0, '0000-00-00 00:00:00', 0),
(165, 29, 'CBAD', 0, '0000-00-00 00:00:00', 0),
(166, 29, 'DCBA', 0, '0000-00-00 00:00:00', 0),
(167, 29, 'DCAB', 0, '0000-00-00 00:00:00', 0),
(168, 29, 'ABDC', 0, '0000-00-00 00:00:00', 0),
(169, 29, 'ABCD', 0, '0000-00-00 00:00:00', 0),
(170, 30, 'Node list', 0, '0000-00-00 00:00:00', 0),
(171, 30, 'Primitive list', 0, '0000-00-00 00:00:00', 0),
(172, 30, 'Stack', 0, '0000-00-00 00:00:00', 0),
(173, 30, 'Queue', 0, '0000-00-00 00:00:00', 0),
(174, 30, 'All of the above', 0, '0000-00-00 00:00:00', 0),
(175, 30, 'None of the above', 0, '0000-00-00 00:00:00', 0),
(176, 30, 'Linked list', 0, '0000-00-00 00:00:00', 0),
(177, 31, 'Pointer to character', 0, '0000-00-00 00:00:00', 0),
(178, 31, 'Pointer to integer', 0, '0000-00-00 00:00:00', 0),
(179, 31, 'Node', 0, '0000-00-00 00:00:00', 0),
(180, 31, 'Pointer to character', 0, '0000-00-00 00:00:00', 0),
(181, 31, 'Pointer to float', 0, '0000-00-00 00:00:00', 0),
(182, 31, 'Pointer to node', 0, '0000-00-00 00:00:00', 0),
(183, 32, 'Static', 0, '0000-00-00 00:00:00', 0),
(184, 32, 'Compile time', 0, '0000-00-00 00:00:00', 0),
(185, 32, 'None of the above', 0, '0000-00-00 00:00:00', 0),
(186, 32, 'All of the above', 0, '0000-00-00 00:00:00', 0),
(187, 32, 'Dynamic', 0, '0000-00-00 00:00:00', 0),
(188, 33, 'O(1)', 0, '0000-00-00 00:00:00', 0),
(189, 33, 'O(n^2)', 0, '0000-00-00 00:00:00', 0),
(190, 33, 'O(logn)', 0, '0000-00-00 00:00:00', 0),
(191, 33, 'None of the above', 0, '0000-00-00 00:00:00', 0),
(192, 33, 'O(n)', 0, '0000-00-00 00:00:00', 0),
(193, 34, 'O(n)', 0, '0000-00-00 00:00:00', 0),
(194, 34, 'O(n^2)', 0, '0000-00-00 00:00:00', 0),
(195, 34, 'O(logn)', 0, '0000-00-00 00:00:00', 0),
(196, 34, 'None of the above', 0, '0000-00-00 00:00:00', 0),
(197, 34, 'O(1)', 0, '0000-00-00 00:00:00', 0),
(198, 35, '15', 0, '0000-00-00 00:00:00', 0),
(199, 35, '13', 0, '0000-00-00 00:00:00', 0),
(200, 35, '1', 0, '0000-00-00 00:00:00', 0),
(201, 35, '11', 0, '0000-00-00 00:00:00', 0),
(202, 35, '5', 0, '0000-00-00 00:00:00', 0),
(203, 35, '3', 0, '0000-00-00 00:00:00', 0),
(204, 36, 'O(nlogn)', 0, '0000-00-00 00:00:00', 0),
(205, 36, 'O(logn)', 0, '0000-00-00 00:00:00', 0),
(206, 36, 'O(n)', 0, '0000-00-00 00:00:00', 0),
(207, 36, 'None of the above', 0, '0000-00-00 00:00:00', 0),
(208, 36, 'O(n2)', 0, '0000-00-00 00:00:00', 0),
(209, 37, 'It requires auxiliary memory', 0, '0000-00-00 00:00:00', 0),
(210, 37, 'It can be used for small keys', 0, '0000-00-00 00:00:00', 0),
(211, 37, 'All of the above', 0, '0000-00-00 00:00:00', 0),
(212, 37, 'None of the above', 0, '0000-00-00 00:00:00', 0),
(213, 37, 'It is not scalable', 0, '0000-00-00 00:00:00', 0),
(214, 38, 'FIFO(FirstInFirstOut)list', 0, '0000-00-00 00:00:00', 0),
(215, 38, 'Ordered array', 0, '0000-00-00 00:00:00', 0),
(216, 38, 'Linear tree', 0, '0000-00-00 00:00:00', 0),
(217, 38, 'Unordered array', 0, '0000-00-00 00:00:00', 0),
(218, 38, 'LIFO (Last In First Out) list', 0, '0000-00-00 00:00:00', 0),
(219, 39, 'O(nlogn)', 0, '0000-00-00 00:00:00', 0),
(220, 39, 'O(logn)', 0, '0000-00-00 00:00:00', 0),
(221, 39, 'O(n)', 0, '0000-00-00 00:00:00', 0),
(222, 39, 'None of the above', 0, '0000-00-00 00:00:00', 0),
(223, 39, 'O(n2)', 0, '0000-00-00 00:00:00', 0),
(224, 40, 'Brute Force technique', 0, '0000-00-00 00:00:00', 0),
(225, 40, 'Greedy algorithm', 0, '0000-00-00 00:00:00', 0),
(226, 40, 'Dynamic programming', 0, '0000-00-00 00:00:00', 0),
(227, 40, 'None of the above', 0, '0000-00-00 00:00:00', 0),
(228, 40, 'Divide and conquer', 0, '0000-00-00 00:00:00', 0),
(229, 41, 'Larger instances of different problems', 0, '0000-00-00 00:00:00', 0),
(230, 41, 'Larger instances of the same problem', 0, '0000-00-00 00:00:00', 0),
(231, 41, 'Smaller instances of different problems', 0, '0000-00-00 00:00:00', 0),
(232, 41, 'All of the above', 0, '0000-00-00 00:00:00', 0),
(233, 41, 'None of the above', 0, '0000-00-00 00:00:00', 0),
(234, 41, 'Smaller instances of the same problem', 0, '0000-00-00 00:00:00', 0),
(235, 42, 'You cannot have the ''next'' pointer point to null in a circular linked list', 0, '0000-00-00 00:00:00', 0),
(236, 42, 'It is faster to traverse the circular linked list', 0, '0000-00-00 00:00:00', 0),
(237, 42, 'All of the above', 0, '0000-00-00 00:00:00', 0),
(238, 42, 'None of the above', 0, '0000-00-00 00:00:00', 0),
(239, 42, 'You may or may not have the ''next'' pointer point to null in a circular linked list', 0, '0000-00-00 00:00:00', 0),
(240, 43, 'O(nlogn)', 0, '0000-00-00 00:00:00', 0),
(241, 43, 'O(n2)', 0, '0000-00-00 00:00:00', 0),
(242, 43, 'O(1)', 0, '0000-00-00 00:00:00', 0),
(243, 43, 'None of the above', 0, '0000-00-00 00:00:00', 0),
(244, 43, 'O(n)', 0, '0000-00-00 00:00:00', 0),
(245, 44, 'Array', 0, '0000-00-00 00:00:00', 0),
(246, 44, 'List', 0, '0000-00-00 00:00:00', 0),
(247, 44, 'Heap', 0, '0000-00-00 00:00:00', 0),
(248, 44, 'None of the above', 0, '0000-00-00 00:00:00', 0),
(249, 44, 'All of the above', 0, '0000-00-00 00:00:00', 0),
(250, 45, 'Huffman codes', 0, '0000-00-00 00:00:00', 0),
(251, 45, 'Interrupt handling in operating system', 0, '0000-00-00 00:00:00', 0),
(252, 45, 'Bayesian spam filter', 0, '0000-00-00 00:00:00', 0),
(253, 45, 'None of the above', 0, '0000-00-00 00:00:00', 0),
(254, 45, 'All of the above', 0, '0000-00-00 00:00:00', 0),
(255, 45, 'Undo operation in text editors', 0, '0000-00-00 00:00:00', 0),
(256, 46, 'O(nlogn)', 0, '0000-00-00 00:00:00', 0),
(257, 46, 'O(logn)', 0, '0000-00-00 00:00:00', 0),
(258, 46, 'O(n2)', 0, '0000-00-00 00:00:00', 0),
(259, 46, 'None of the above', 0, '0000-00-00 00:00:00', 0),
(260, 46, 'All of the above', 0, '0000-00-00 00:00:00', 0),
(261, 46, 'O(n)', 0, '0000-00-00 00:00:00', 0),
(262, 47, 'Easy to implement', 0, '0000-00-00 00:00:00', 0),
(263, 47, 'Processes with different priority can be efficiently handled', 0, '0000-00-00 00:00:00', 0),
(264, 47, 'Applications with differing requirements', 0, '0000-00-00 00:00:00', 0),
(265, 47, 'None of the above', 0, '0000-00-00 00:00:00', 0),
(266, 47, 'All of the above', 0, '0000-00-00 00:00:00', 0),
(267, 48, 'Tree', 0, '0000-00-00 00:00:00', 0),
(268, 48, 'Heap', 0, '0000-00-00 00:00:00', 0),
(269, 48, 'Priority queue', 0, '0000-00-00 00:00:00', 0),
(270, 48, 'All of the above', 0, '0000-00-00 00:00:00', 0),
(271, 48, 'None of the above', 0, '0000-00-00 00:00:00', 0),
(272, 48, 'Stack', 0, '0000-00-00 00:00:00', 0),
(273, 49, 'collection of programs that manages hardware resources', 0, '0000-00-00 00:00:00', 0),
(274, 49, 'system service provider to the application programs', 0, '0000-00-00 00:00:00', 0),
(275, 49, 'link to interface the hardware and application programs', 0, '0000-00-00 00:00:00', 0),
(276, 49, 'None of the above', 0, '0000-00-00 00:00:00', 0),
(277, 49, 'All of the above', 0, '0000-00-00 00:00:00', 0),
(278, 50, 'API', 0, '0000-00-00 00:00:00', 0),
(279, 50, 'Library', 0, '0000-00-00 00:00:00', 0),
(280, 50, 'Assembly instructions', 0, '0000-00-00 00:00:00', 0),
(281, 50, 'None of the above', 0, '0000-00-00 00:00:00', 0),
(282, 50, 'System calls', 0, '0000-00-00 00:00:00', 0),
(283, 51, 'power failure', 0, '0000-00-00 00:00:00', 0),
(284, 51, 'lack of paper in printer', 0, '0000-00-00 00:00:00', 0),
(285, 51, 'connection failure in the network', 0, '0000-00-00 00:00:00', 0),
(286, 51, 'None of the above', 0, '0000-00-00 00:00:00', 0),
(287, 51, 'All of the above', 0, '0000-00-00 00:00:00', 0),
(288, 52, 'to provide the interface between the API and application program', 0, '0000-00-00 00:00:00', 0),
(289, 52, 'to handle the files in operating system', 0, '0000-00-00 00:00:00', 0),
(290, 52, 'None of the above', 0, '0000-00-00 00:00:00', 0),
(291, 52, 'All of the above', 0, '0000-00-00 00:00:00', 0),
(292, 52, 'to get and execute the next user-specified command', 0, '0000-00-00 00:00:00', 0),
(293, 53, 'another running process', 0, '0000-00-00 00:00:00', 0),
(294, 53, 'new file', 0, '0000-00-00 00:00:00', 0),
(295, 53, 'None of the above', 0, '0000-00-00 00:00:00', 0),
(296, 53, 'All of the above', 0, '0000-00-00 00:00:00', 0),
(297, 53, 'log file', 0, '0000-00-00 00:00:00', 0),
(298, 54, 'Vx Works', 0, '0000-00-00 00:00:00', 0),
(299, 54, 'Windows CE', 0, '0000-00-00 00:00:00', 0),
(300, 54, 'RT Linux', 0, '0000-00-00 00:00:00', 0),
(301, 54, 'Network OS', 0, '0000-00-00 00:00:00', 0),
(302, 54, 'Palm OS', 0, '0000-00-00 00:00:00', 0),
(303, 55, 'monolithic kernel', 0, '0000-00-00 00:00:00', 0),
(304, 55, 'micro kernel', 0, '0000-00-00 00:00:00', 0),
(305, 55, 'monolithic kernel with modules', 0, '0000-00-00 00:00:00', 0),
(306, 55, 'None of the above', 0, '0000-00-00 00:00:00', 0),
(307, 55, 'hybrid kernel', 0, '0000-00-00 00:00:00', 0),
(308, 56, 'Code', 0, '0000-00-00 00:00:00', 0),
(309, 56, 'Stack', 0, '0000-00-00 00:00:00', 0),
(310, 56, 'Data', 0, '0000-00-00 00:00:00', 0),
(311, 56, 'Context registers', 0, '0000-00-00 00:00:00', 0),
(312, 56, 'None of the above', 0, '0000-00-00 00:00:00', 0),
(313, 56, 'Bootstrap program', 0, '0000-00-00 00:00:00', 0),
(314, 57, 'Output', 0, '0000-00-00 00:00:00', 0),
(315, 57, 'Efficiency', 0, '0000-00-00 00:00:00', 0),
(316, 57, 'Capacity', 0, '0000-00-00 00:00:00', 0),
(317, 57, 'None of the above', 0, '0000-00-00 00:00:00', 0),
(318, 57, 'Throughput', 0, '0000-00-00 00:00:00', 0),
(319, 58, 'Process type variable', 0, '0000-00-00 00:00:00', 0),
(320, 58, 'A secondary storage section', 0, '0000-00-00 00:00:00', 0),
(321, 58, 'A Block in memory', 0, '0000-00-00 00:00:00', 0),
(322, 58, 'None of the above', 0, '0000-00-00 00:00:00', 0),
(323, 58, 'All of the above', 0, '0000-00-00 00:00:00', 0),
(324, 58, 'Data Structure', 0, '0000-00-00 00:00:00', 0),
(325, 58, 'the number of processes executed per unit time', 0, '0000-00-00 00:00:00', 0),
(326, 58, 'the number of processes in the ready queue', 0, '0000-00-00 00:00:00', 0),
(327, 58, 'the number of processes in the I/O queue', 0, '0000-00-00 00:00:00', 0),
(328, 58, 'None of the above', 0, '0000-00-00 00:00:00', 0),
(329, 58, 'the number of processes in memory', 0, '0000-00-00 00:00:00', 0),
(330, 59, 'multiple tasks at a time', 0, '0000-00-00 00:00:00', 0),
(331, 59, 'only two tasks at a time', 0, '0000-00-00 00:00:00', 0),
(332, 59, 'All of the above', 0, '0000-00-00 00:00:00', 0),
(333, 59, 'None of the above', 0, '0000-00-00 00:00:00', 0),
(334, 59, 'only one task at a time', 0, '0000-00-00 00:00:00', 0),
(335, 60, 'child process', 0, '0000-00-00 00:00:00', 0),
(336, 60, 'parent process', 0, '0000-00-00 00:00:00', 0),
(337, 60, 'init process', 0, '0000-00-00 00:00:00', 0),
(338, 60, 'None of the above', 0, '0000-00-00 00:00:00', 0),
(339, 60, 'cooperating process', 0, '0000-00-00 00:00:00', 0),
(340, 61, 'dynamic condition', 0, '0000-00-00 00:00:00', 0),
(341, 61, 'essential condition', 0, '0000-00-00 00:00:00', 0),
(342, 61, 'critical condition', 0, '0000-00-00 00:00:00', 0),
(343, 61, 'All of the above', 0, '0000-00-00 00:00:00', 0),
(344, 61, 'race condition', 0, '0000-00-00 00:00:00', 0),
(345, 62, 'thread', 0, '0000-00-00 00:00:00', 0),
(346, 62, 'pipe', 0, '0000-00-00 00:00:00', 0),
(347, 62, 'socket', 0, '0000-00-00 00:00:00', 0),
(348, 62, 'None of the above', 0, '0000-00-00 00:00:00', 0),
(349, 62, 'semaphore', 0, '0000-00-00 00:00:00', 0),
(350, 63, 'priority removal', 0, '0000-00-00 00:00:00', 0),
(351, 63, 'priority exchange', 0, '0000-00-00 00:00:00', 0),
(352, 63, 'priority modification', 0, '0000-00-00 00:00:00', 0),
(353, 63, 'All of the above', 0, '0000-00-00 00:00:00', 0),
(354, 63, 'priority inversion', 0, '0000-00-00 00:00:00', 0),
(355, 64, 'condition variables must be used as boolean objects', 0, '0000-00-00 00:00:00', 0),
(356, 64, 'semaphore must be used', 0, '0000-00-00 00:00:00', 0),
(357, 64, 'All of the above', 0, '0000-00-00 00:00:00', 0),
(358, 64, 'None of the above', 0, '0000-00-00 00:00:00', 0),
(359, 64, 'a condition variable must be declared as condition', 0, '0000-00-00 00:00:00', 0),
(360, 65, 'communication within the process', 0, '0000-00-00 00:00:00', 0),
(361, 65, 'communication between two threads of same process', 0, '0000-00-00 00:00:00', 0),
(362, 65, 'None of the above', 0, '0000-00-00 00:00:00', 0),
(363, 65, 'All of the above', 0, '0000-00-00 00:00:00', 0),
(364, 65, 'communication between two process', 0, '0000-00-00 00:00:00', 0),
(365, 66, 'Function parameters', 0, '0000-00-00 00:00:00', 0),
(366, 66, 'Local variables', 0, '0000-00-00 00:00:00', 0),
(367, 66, 'Return addresses', 0, '0000-00-00 00:00:00', 0),
(368, 66, 'None of the above', 0, '0000-00-00 00:00:00', 0),
(369, 66, 'PID of child process', 0, '0000-00-00 00:00:00', 0),
(370, 67, 'exit', 0, '0000-00-00 00:00:00', 0),
(371, 67, 'fork', 0, '0000-00-00 00:00:00', 0),
(372, 67, 'get', 0, '0000-00-00 00:00:00', 0),
(373, 67, 'All of the above', 0, '0000-00-00 00:00:00', 0),
(374, 67, 'wait', 0, '0000-00-00 00:00:00', 0),
(375, 68, 'CPU registers', 0, '0000-00-00 00:00:00', 0),
(376, 68, 'Process stack', 0, '0000-00-00 00:00:00', 0),
(377, 68, 'Pipe', 0, '0000-00-00 00:00:00', 0),
(378, 68, 'None of the above', 0, '0000-00-00 00:00:00', 0),
(379, 68, 'Program counter', 0, '0000-00-00 00:00:00', 0);

-- --------------------------------------------------------

--
-- Table structure for table `batch`
--

CREATE TABLE `batch` (
  `batch_id` int(11) NOT NULL,
  `class_id` int(11) NOT NULL,
  `batch_name` varchar(255) NOT NULL,
  `deleted` int(1) NOT NULL,
  `created_at` datetime NOT NULL DEFAULT CURRENT_TIMESTAMP,
  `deleted_at` datetime NOT NULL,
  `created_by` int(11) NOT NULL,
  `deleted_by` int(11) NOT NULL
) ENGINE=InnoDB DEFAULT CHARSET=latin1;

--
-- Dumping data for table `batch`
--

INSERT INTO `batch` (`batch_id`, `class_id`, `batch_name`, `deleted`, `created_at`, `deleted_at`, `created_by`, `deleted_by`) VALUES
(1, 1, 'c11', 0, '2019-04-26 15:18:41', '0000-00-00 00:00:00', 1, 0),
(2, 1, 'c12', 0, '2019-04-26 15:18:41', '0000-00-00 00:00:00', 1, 0),
(3, 1, 'c13', 0, '2019-04-26 15:18:41', '0000-00-00 00:00:00', 1, 0),
(4, 1, 'c14', 0, '2019-04-26 15:18:41', '0000-00-00 00:00:00', 1, 0),
(5, 2, 'c21', 0, '2019-04-26 15:18:41', '0000-00-00 00:00:00', 1, 0),
(6, 2, 'c22', 0, '2019-04-26 15:18:41', '0000-00-00 00:00:00', 1, 0),
(7, 2, 'c23', 0, '2019-04-26 15:18:41', '0000-00-00 00:00:00', 1, 0),
(8, 2, 'c24', 0, '2019-04-26 15:18:41', '0000-00-00 00:00:00', 1, 0),
(9, 3, 'i11', 0, '2019-04-26 15:18:41', '0000-00-00 00:00:00', 1, 0),
(10, 3, 'i12', 0, '2019-04-26 15:18:41', '0000-00-00 00:00:00', 1, 0),
(11, 4, 'i21', 0, '2019-04-26 15:18:41', '0000-00-00 00:00:00', 1, 0),
(12, 4, 'i22', 0, '2019-04-26 15:18:41', '0000-00-00 00:00:00', 1, 0);

-- --------------------------------------------------------

--
-- Table structure for table `branch`
--

CREATE TABLE `branch` (
  `branch_id` int(11) NOT NULL,
  `branch` varchar(255) NOT NULL,
  `deleted` int(1) NOT NULL,
  `created_at` datetime NOT NULL,
  `updated_at` datetime NOT NULL,
  `deleted_at` datetime NOT NULL,
  `created_by` int(11) NOT NULL,
  `updated_by` int(11) NOT NULL,
  `deleted_by` int(11) NOT NULL
) ENGINE=InnoDB DEFAULT CHARSET=latin1;

--
-- Dumping data for table `branch`
--

INSERT INTO `branch` (`branch_id`, `branch`, `deleted`, `created_at`, `updated_at`, `deleted_at`, `created_by`, `updated_by`, `deleted_by`) VALUES
(1, 'information technology', 0, '2019-04-25 15:02:41', '0000-00-00 00:00:00', '0000-00-00 00:00:00', 1, 0, 0),
(2, 'computers', 0, '2019-04-25 15:02:41', '0000-00-00 00:00:00', '0000-00-00 00:00:00', 1, 0, 0),
(3, 'electronics', 0, '2019-04-25 15:02:41', '0000-00-00 00:00:00', '0000-00-00 00:00:00', 1, 0, 0),
(4, 'production', 0, '2019-04-25 15:02:41', '0000-00-00 00:00:00', '0000-00-00 00:00:00', 1, 0, 0),
(5, 'chemical', 0, '2019-04-25 15:02:41', '0000-00-00 00:00:00', '0000-00-00 00:00:00', 1, 0, 0);

-- --------------------------------------------------------

--
-- Table structure for table `chapter`
--

CREATE TABLE `chapter` (
  `chapter_id` int(11) NOT NULL,
  `subject_id` int(11) NOT NULL,
  `chapter_no` int(3) NOT NULL,
  `chapter_name` varchar(255) NOT NULL,
  `deleted` int(1) NOT NULL,
  `created_at` datetime NOT NULL,
  `updated_at` datetime NOT NULL,
  `deleted_at` datetime NOT NULL,
  `created_by` int(11) NOT NULL,
  `updated_by` int(11) NOT NULL,
  `deleted_by` int(11) NOT NULL
) ENGINE=InnoDB DEFAULT CHARSET=latin1;

--
-- Dumping data for table `chapter`
--

INSERT INTO `chapter` (`chapter_id`, `subject_id`, `chapter_no`, `chapter_name`, `deleted`, `created_at`, `updated_at`, `deleted_at`, `created_by`, `updated_by`, `deleted_by`) VALUES
(1, 4, 1, 'Intro to java', 0, '2019-04-28 16:49:00', '0000-00-00 00:00:00', '0000-00-00 00:00:00', 2, 0, 0),
(2, 4, 2, 'Classes and objects', 0, '2019-04-28 16:49:00', '0000-00-00 00:00:00', '0000-00-00 00:00:00', 2, 0, 0),
(3, 4, 3, 'Interface and package', 0, '2019-04-28 16:49:00', '0000-00-00 00:00:00', '0000-00-00 00:00:00', 2, 0, 0),
(4, 4, 4, 'Exception handling & Multithreading', 0, '2019-04-28 16:49:00', '0000-00-00 00:00:00', '0000-00-00 00:00:00', 2, 0, 0),
(5, 4, 5, 'Java applet', 0, '2019-04-28 16:49:00', '0000-00-00 00:00:00', '0000-00-00 00:00:00', 2, 0, 0),
(6, 4, 6, 'File I/O & Collection ramework', 0, '2019-04-28 16:49:00', '0000-00-00 00:00:00', '0000-00-00 00:00:00', 2, 0, 0),
(7, 5, 1, 'Intro to DS', 0, '2019-04-28 16:49:00', '0000-00-00 00:00:00', '0000-00-00 00:00:00', 2, 0, 0),
(8, 5, 2, 'Stacks & Queues', 0, '2019-04-28 16:49:00', '0000-00-00 00:00:00', '0000-00-00 00:00:00', 2, 0, 0),
(9, 5, 3, 'Linked List', 0, '2019-04-28 16:49:00', '0000-00-00 00:00:00', '0000-00-00 00:00:00', 2, 0, 0),
(10, 5, 4, 'Trees', 0, '2019-04-28 16:49:00', '0000-00-00 00:00:00', '0000-00-00 00:00:00', 2, 0, 0),
(11, 5, 5, 'Graphs ', 0, '2019-04-28 16:49:00', '0000-00-00 00:00:00', '0000-00-00 00:00:00', 2, 0, 0),
(12, 5, 6, 'Sorting & Searching', 0, '2019-04-28 16:49:00', '0000-00-00 00:00:00', '0000-00-00 00:00:00', 2, 0, 0),
(13, 9, 1, 'Intro to OS', 0, '2019-04-28 16:49:00', '0000-00-00 00:00:00', '0000-00-00 00:00:00', 2, 0, 0),
(14, 9, 2, 'Process concept & Scheduling', 0, '2019-04-28 16:49:00', '0000-00-00 00:00:00', '0000-00-00 00:00:00', 2, 0, 0),
(15, 9, 3, 'Synchronization & Deadlocks', 0, '2019-04-28 16:49:00', '0000-00-00 00:00:00', '0000-00-00 00:00:00', 2, 0, 0),
(16, 9, 4, 'Memory management', 0, '2019-04-28 16:49:00', '0000-00-00 00:00:00', '0000-00-00 00:00:00', 2, 0, 0),
(17, 9, 5, 'File management', 0, '2019-04-28 16:49:00', '0000-00-00 00:00:00', '0000-00-00 00:00:00', 2, 0, 0),
(18, 9, 6, 'I/O management', 0, '2019-04-28 16:49:00', '0000-00-00 00:00:00', '0000-00-00 00:00:00', 2, 0, 0);

-- --------------------------------------------------------

--
-- Table structure for table `class`
--

CREATE TABLE `class` (
  `class_id` int(11) NOT NULL,
  `branch_id` int(11) NOT NULL,
  `sem_no` int(2) NOT NULL,
  `classname` varchar(50) NOT NULL,
  `deleted` int(1) NOT NULL,
  `created_at` datetime NOT NULL,
  `updated_at` datetime NOT NULL,
  `deleted_at` datetime NOT NULL,
  `created_by` int(11) NOT NULL,
  `updated_by` int(1) NOT NULL,
  `deleted_by` int(1) NOT NULL
) ENGINE=InnoDB DEFAULT CHARSET=latin1;

--
-- Dumping data for table `class`
--

INSERT INTO `class` (`class_id`, `branch_id`, `sem_no`, `classname`, `deleted`, `created_at`, `updated_at`, `deleted_at`, `created_by`, `updated_by`, `deleted_by`) VALUES
(1, 2, 3, 'coms1', 0, '2019-04-26 15:11:00', '0000-00-00 00:00:00', '0000-00-00 00:00:00', 1, 0, 0),
(2, 2, 3, 'coms2', 0, '2019-04-26 15:11:00', '0000-00-00 00:00:00', '0000-00-00 00:00:00', 1, 0, 0),
(3, 1, 3, 'it1', 0, '2019-04-26 15:11:00', '0000-00-00 00:00:00', '0000-00-00 00:00:00', 1, 0, 0),
(4, 1, 3, 'it2', 0, '2019-04-26 15:11:00', '0000-00-00 00:00:00', '0000-00-00 00:00:00', 1, 0, 0);

-- --------------------------------------------------------

--
-- Table structure for table `correct_question_answer`
--

CREATE TABLE `correct_question_answer` (
  `question_id` int(11) NOT NULL,
  `answer_id` int(11) NOT NULL
) ENGINE=InnoDB DEFAULT CHARSET=latin1;

--
-- Dumping data for table `correct_question_answer`
--

INSERT INTO `correct_question_answer` (`question_id`, `answer_id`) VALUES
(2, 12),
(3, 18),
(4, 24),
(5, 29),
(6, 36),
(7, 41),
(8, 43),
(9, 52),
(10, 57),
(11, 62),
(12, 68),
(13, 74),
(14, 80),
(15, 86),
(16, 94),
(17, 100),
(18, 104),
(19, 111),
(20, 119),
(21, 125),
(22, 131),
(23, 136),
(24, 141),
(25, 147),
(26, 152),
(27, 157),
(28, 163),
(29, 169),
(30, 176),
(31, 182),
(32, 187),
(33, 192),
(34, 197),
(35, 203),
(36, 208),
(37, 213),
(38, 218),
(39, 223),
(40, 228),
(41, 234),
(42, 239),
(43, 244),
(44, 249),
(45, 255),
(46, 261),
(47, 266),
(48, 272),
(49, 277),
(50, 282),
(51, 287),
(52, 292),
(53, 297),
(54, 302),
(55, 307),
(56, 313),
(57, 318),
(58, 324),
(59, 329),
(60, 331),
(61, 339),
(62, 344),
(63, 349),
(64, 354),
(65, 359),
(66, 364),
(67, 369),
(68, 374),
(69, 379),
(2, 12),
(3, 18),
(4, 24),
(5, 29),
(6, 36),
(7, 41),
(8, 43),
(9, 52),
(10, 57),
(11, 62),
(12, 68),
(13, 74),
(14, 80),
(15, 86),
(16, 94),
(17, 100),
(18, 104),
(19, 111),
(20, 119),
(21, 125),
(22, 131),
(23, 136),
(24, 141),
(25, 147),
(26, 152),
(27, 157),
(28, 163),
(29, 169),
(30, 176),
(31, 182),
(32, 187),
(33, 192),
(34, 197),
(35, 203),
(36, 208),
(37, 213),
(38, 218),
(39, 223),
(40, 228),
(41, 234),
(42, 239),
(43, 244),
(44, 249),
(45, 255),
(46, 261),
(47, 266),
(48, 272),
(49, 277),
(50, 282),
(51, 287),
(52, 292),
(53, 297),
(54, 302),
(55, 307),
(56, 313),
(57, 318),
(58, 324),
(59, 329),
(60, 331),
(61, 339),
(62, 344),
(63, 349),
(64, 354),
(65, 359),
(66, 364),
(67, 369),
(68, 374),
(69, 379),
(2, 12),
(3, 18),
(4, 24),
(5, 29),
(6, 36),
(7, 41),
(8, 43),
(9, 52),
(10, 57),
(11, 62),
(12, 68),
(13, 74),
(14, 80),
(15, 86),
(16, 94),
(17, 100),
(18, 104),
(19, 111),
(20, 119),
(21, 125),
(22, 131),
(23, 136),
(24, 141),
(25, 147),
(26, 152),
(27, 157),
(28, 163),
(29, 169),
(30, 176),
(31, 182),
(32, 187),
(33, 192),
(34, 197),
(35, 203),
(36, 208),
(37, 213),
(38, 218),
(39, 223),
(40, 228),
(41, 234),
(42, 239),
(43, 244),
(44, 249),
(45, 255),
(46, 261),
(47, 266),
(48, 272),
(49, 277),
(50, 282),
(51, 287),
(52, 292),
(53, 297),
(54, 302),
(55, 307),
(56, 313),
(57, 318),
(58, 324),
(59, 329),
(60, 331),
(61, 339),
(62, 344),
(63, 349),
(64, 354),
(65, 359),
(66, 364),
(67, 369),
(68, 374),
(69, 379);

-- --------------------------------------------------------

--
-- Table structure for table `hod`
--

CREATE TABLE `hod` (
  `hod_id` int(11) NOT NULL,
  `user_id` int(11) NOT NULL,
  `deleted` int(1) NOT NULL,
  `created_at` datetime NOT NULL DEFAULT CURRENT_TIMESTAMP,
  `deleted_at` datetime NOT NULL,
  `created_by` int(11) NOT NULL,
  `deleted_by` int(11) NOT NULL
) ENGINE=InnoDB DEFAULT CHARSET=latin1;

-- --------------------------------------------------------

--
-- Table structure for table `notification`
--

CREATE TABLE `notification` (
  `notification_id` int(11) NOT NULL,
  `title` varchar(255) NOT NULL,
  `body` text NOT NULL,
  `for_user` int(11) NOT NULL,
  `is_viewed` tinyint(1) NOT NULL,
  `notification_dt` datetime NOT NULL
) ENGINE=InnoDB DEFAULT CHARSET=latin1;

-- --------------------------------------------------------

--
-- Table structure for table `parent`
--

CREATE TABLE `parent` (
  `parent_id` int(11) NOT NULL,
  `user_id` int(11) NOT NULL,
  `created_at` datetime DEFAULT CURRENT_TIMESTAMP,
  `created_by` int(11) NOT NULL
) ENGINE=InnoDB DEFAULT CHARSET=latin1;

-- --------------------------------------------------------

--
-- Table structure for table `question`
--

CREATE TABLE `question` (
  `question_id` int(11) NOT NULL,
  `chapter_id` int(11) NOT NULL,
  `question` text NOT NULL,
  `question_type` varchar(255) NOT NULL,
  `default_options` int(2) NOT NULL,
  `difficulty` varchar(255) NOT NULL,
  `deleted` int(11) NOT NULL,
  `created_at` datetime NOT NULL,
  `deleted_at` datetime NOT NULL,
  `created_by` int(11) NOT NULL,
  `deleted_by` int(11) NOT NULL
) ENGINE=InnoDB DEFAULT CHARSET=latin1;

--
-- Dumping data for table `question`
--

INSERT INTO `question` (`question_id`, `chapter_id`, `question`, `question_type`, `default_options`, `difficulty`, `deleted`, `created_at`, `deleted_at`, `created_by`, `deleted_by`) VALUES
(1, 1, 'Decrement operator, -- decreases the value of variable by what number?', 'multiplechoicequestion', 4, 'easy ', 0, '2019-04-28 21:56:00', '0000-00-00 00:00:00', 0, 0),
(2, 1, 'Which of these is not a bitwise operator?', 'multiplechoicequestion', 4, 'easy ', 0, '2019-04-28 21:56:00', '0000-00-00 00:00:00', 0, 0),
(3, 1, 'Which operator is used to invert all the digits in a binary representation of a number?', 'multiplechoicequestion', 4, 'easy ', 0, '2019-04-28 21:56:00', '0000-00-00 00:00:00', 0, 0),
(4, 1, 'On applying Left shift operator, <<, on integer bits are lost one they are shifted past which position bit?', 'multiplechoicequestion', 4, 'easy ', 0, '2019-04-28 21:56:00', '0000-00-00 00:00:00', 0, 0),
(5, 1, 'Which right shift operator preserves the sign of the value?', 'multiplechoicequestion', 4, 'easy ', 0, '2019-04-28 21:56:00', '0000-00-00 00:00:00', 2, 0),
(6, 1, 'What is the output of relational operators?', 'multiplechoicequestion', 4, 'medium', 0, '2019-04-28 21:56:00', '0000-00-00 00:00:00', 2, 0),
(7, 1, 'Which of these statements is correct?', 'multiplechoicequestion', 4, 'medium', 0, '2019-04-28 21:56:00', '0000-00-00 00:00:00', 2, 0),
(8, 2, 'Which of the following inheritance is not directly supported in Java?', 'multiplechoicequestion', 4, 'medium', 0, '2019-04-28 21:56:00', '0000-00-00 00:00:00', 2, 0),
(9, 2, 'Which of the following is a type of polymorphism in Java?', 'multiplechoicequestion', 4, 'medium', 0, '2019-04-28 21:56:00', '0000-00-00 00:00:00', 2, 0),
(10, 2, 'When does method overloading is determined?', 'multiplechoicequestion', 4, 'medium', 0, '2019-04-28 21:56:00', '0000-00-00 00:00:00', 0, 0),
(11, 2, 'Which concept of Java is achieved by combining methods and attribute into a class?', 'multiplechoicequestion', 4, 'medium', 0, '2019-04-28 21:56:00', '0000-00-00 00:00:00', 0, 0),
(12, 1, 'Which component is used to compile, debug and execute java program?', 'multiplechoicequestion', 4, 'medium', 0, '2019-04-28 21:56:00', '0000-00-00 00:00:00', 0, 0),
(13, 1, 'Which component is responsible to run java program?', 'multiplechoicequestion', 4, 'hard', 0, '2019-04-28 21:56:00', '0000-00-00 00:00:00', 0, 0),
(14, 1, 'Which statement is true about java?', 'multiplechoicequestion', 4, 'hard', 0, '2019-04-28 21:56:00', '0000-00-00 00:00:00', 0, 0),
(15, 1, 'Which of the below is invalid identifier with the main method?', 'multiplechoicequestion', 4, 'hard', 0, '2019-04-28 21:56:00', '0000-00-00 00:00:00', 0, 0),
(16, 1, 'What is the extension of java code files?', 'multiplechoicequestion', 4, 'hard', 0, '2019-04-28 21:56:00', '0000-00-00 00:00:00', 0, 0),
(17, 1, 'What is the extension of compiled java classes?', 'multiplechoicequestion', 4, 'hard', 0, '2019-04-28 21:56:00', '0000-00-00 00:00:00', 0, 0),
(18, 1, 'What is use of interpreter?', 'multiplechoicequestion', 4, 'hard', 0, '2019-04-28 21:56:00', '0000-00-00 00:00:00', 0, 0),
(19, 2, 'Which of the following is a method having same name as that of its class?', 'multiplechoicequestion', 4, 'medium', 0, '2019-04-28 21:56:00', '0000-00-00 00:00:00', 0, 0),
(20, 2, 'Which keyword is used by the method to refer to the object that invoked it?', 'multiplechoicequestion', 4, 'medium', 0, '2019-04-28 21:56:00', '0000-00-00 00:00:00', 0, 0),
(21, 8, 'Process of inserting an element in stack is called ____________', 'fillintheblanks', 4, 'medium', 0, '2019-04-28 21:56:00', '0000-00-00 00:00:00', 0, 0),
(22, 8, 'Process of removing an element from stack is called __________', 'fillintheblanks', 4, 'easy ', 0, '2019-04-28 21:56:00', '0000-00-00 00:00:00', 0, 0),
(23, 8, 'In a stack, if a user tries to remove an element from empty stack it is called _________', 'fillintheblanks', 4, 'easy ', 0, '2019-04-28 21:56:00', '0000-00-00 00:00:00', 0, 0),
(24, 8, 'Which of the following applications may use a stack?', 'multiplechoicequestion', 4, 'easy ', 0, '2019-04-28 21:56:00', '0000-00-00 00:00:00', 0, 0),
(25, 8, 'A linear list of elements in which deletion can be done from one end (front) and insertion can take place only at the other end (rear) is known as a ?', 'multiplechoicequestion', 4, 'easy ', 0, '2019-04-28 21:56:00', '0000-00-00 00:00:00', 0, 0),
(26, 11, 'The data structure required for Breadth First Traversal on a graph is?', 'multiplechoicequestion', 4, 'easy ', 0, '2019-04-28 21:56:00', '0000-00-00 00:00:00', 0, 0),
(27, 8, 'A queue is a ?', 'multiplechoicequestion', 4, 'easy ', 0, '2019-04-28 21:56:00', '0000-00-00 00:00:00', 0, 0),
(28, 8, 'A normal queue, if implemented using an array of size MAX_SIZE, gets full when', 'multiplechoicequestion', 4, 'easy ', 0, '2019-04-28 21:56:00', '0000-00-00 00:00:00', 0, 0),
(29, 8, 'If the elements "A", "B", "C" and "D" are placed in a queue and are deleted one at a time, in what order will they be removed?', 'multiplechoicequestion', 4, 'easy ', 0, '2019-04-28 21:56:00', '0000-00-00 00:00:00', 0, 0),
(30, 9, 'A linear collection of data elements where the linear node is given by means of pointer is called?', 'multiplechoicequestion', 4, 'hard', 0, '2019-04-28 21:56:00', '0000-00-00 00:00:00', 0, 0),
(31, 9, 'In linked list each node contain minimum of two fields. One field is data field to store the data second field is?', 'multiplechoicequestion', 4, 'hard', 0, '2019-04-28 21:56:00', '0000-00-00 00:00:00', 0, 0),
(32, 9, 'Linked list is considered as an example of ___________ type of memory allocation.', 'fillintheblanks', 4, 'hard', 0, '2019-04-28 21:56:00', '0000-00-00 00:00:00', 0, 0),
(33, 9, 'What is the time complexity to count the number of elements in the linked list?', 'multiplechoicequestion', 4, 'hard', 0, '2019-04-28 21:56:00', '0000-00-00 00:00:00', 0, 0),
(34, 9, 'What is the space complexity for deleting a linked list?', 'multiplechoicequestion', 4, 'medium', 0, '2019-04-28 21:56:00', '0000-00-00 00:00:00', 0, 0),
(35, 11, 'A connected planar graph having 6 vertices, 7 edges contains _____________ regions.', 'fillintheblanks', 4, 'medium', 0, '2019-04-28 21:56:00', '0000-00-00 00:00:00', 0, 0),
(36, 12, 'What is the worst case complexity of selection sort?', 'multiplechoicequestion', 4, 'medium', 0, '2019-04-28 21:56:00', '0000-00-00 00:00:00', 0, 0),
(37, 12, 'What is the disadvantage of selection sort?', 'multiplechoicequestion', 4, 'medium', 0, '2019-04-28 21:56:00', '0000-00-00 00:00:00', 0, 0),
(38, 8, 'A stack is a ?', 'multiplechoicequestion', 4, 'easy ', 0, '2019-04-28 21:56:00', '0000-00-00 00:00:00', 0, 0),
(39, 12, 'What is the worst case complexity of bubble sort?', 'multiplechoicequestion', 4, 'easy ', 0, '2019-04-28 21:56:00', '0000-00-00 00:00:00', 0, 0),
(40, 12, 'QuickSort can be categorized into which of the following?', 'multiplechoicequestion', 4, 'easy ', 0, '2019-04-28 21:56:00', '0000-00-00 00:00:00', 0, 0),
(41, 0, 'Recursion is a method in which the solution of a problem depends on ____________', 'fillintheblanks', 4, 'easy ', 0, '2019-04-28 21:56:00', '0000-00-00 00:00:00', 0, 0),
(42, 9, 'What differentiates a circular linked list from a normal linked list?', 'multiplechoicequestion', 4, 'easy ', 0, '2019-04-28 21:56:00', '0000-00-00 00:00:00', 0, 0),
(43, 9, 'What is the time complexity of searching for an element in a circular linked list?', 'multiplechoicequestion', 4, 'hard', 0, '2019-04-28 21:56:00', '0000-00-00 00:00:00', 0, 0),
(44, 8, 'With what data structure can a priority queue be implemented?', 'multiplechoicequestion', 4, 'hard', 0, '2019-04-28 21:56:00', '0000-00-00 00:00:00', 0, 0),
(45, 8, 'Which of the following is not an application of priority queue?', 'multiplechoicequestion', 4, 'hard', 0, '2019-04-28 21:56:00', '0000-00-00 00:00:00', 0, 0),
(46, 8, 'What is the time complexity to insert a node based on key in a priority queue?', 'multiplechoicequestion', 4, 'hard', 0, '2019-04-28 21:56:00', '0000-00-00 00:00:00', 0, 0),
(47, 8, 'What are the advantages of priority queues?', 'multiplechoicequestion', 4, 'hard', 0, '2019-04-28 21:56:00', '0000-00-00 00:00:00', 0, 0),
(48, 8, 'Which data structure can be used suitably to solve the Tower of Hanoi problem?', 'multiplechoicequestion', 4, 'hard', 0, '2019-04-28 21:56:00', '0000-00-00 00:00:00', 0, 0),
(49, 13, 'What is operating system?', 'multiplechoicequestion', 4, 'medium', 0, '2019-04-28 21:56:00', '0000-00-00 00:00:00', 0, 0),
(50, 13, 'To access the services of operating system, the interface is provided by the', 'multiplechoicequestion', 4, 'medium', 0, '2019-04-28 21:56:00', '0000-00-00 00:00:00', 0, 0),
(51, 13, 'Which one of the following error will be handle by the operating system?', 'multiplechoicequestion', 4, 'medium', 0, '2019-04-28 21:56:00', '0000-00-00 00:00:00', 0, 0),
(52, 13, 'The main function of the command interpreter is', 'multiplechoicequestion', 4, 'medium', 0, '2019-04-28 21:56:00', '0000-00-00 00:00:00', 0, 0),
(53, 14, 'If a process fails, most operating system write the error information to a ______', 'fillintheblanks', 4, 'medium', 0, '2019-04-28 21:56:00', '0000-00-00 00:00:00', 0, 0),
(54, 13, 'Which one of the following is not a real time operating system?', 'multiplechoicequestion', 4, 'medium', 0, '2019-04-28 21:56:00', '0000-00-00 00:00:00', 0, 0),
(55, 0, 'The OS X has ____________', 'fillintheblanks', 4, 'easy ', 0, '2019-04-28 21:56:00', '0000-00-00 00:00:00', 0, 0),
(56, 14, 'A Process Control Block(PCB) does not contain which of the following :', 'multiplechoicequestion', 4, 'easy ', 0, '2019-04-28 21:56:00', '0000-00-00 00:00:00', 0, 0),
(57, 14, 'The number of processes completed per unit time is known as __________', 'fillintheblanks', 4, 'easy ', 0, '2019-04-28 21:56:00', '0000-00-00 00:00:00', 0, 0),
(58, 14, 'The Process Control Block is:', 'multiplechoicequestion', 4, 'easy ', 0, '2019-04-28 21:56:00', '0000-00-00 00:00:00', 0, 0),
(59, 14, 'The degree of multiprogramming is:', 'multiplechoicequestion', 4, 'easy ', 0, '2019-04-28 21:56:00', '0000-00-00 00:00:00', 0, 0),
(60, 14, 'A single thread of control allows the process to perform:', 'multiplechoicequestion', 4, 'easy ', 0, '2019-04-28 21:56:00', '0000-00-00 00:00:00', 0, 0),
(61, 14, 'Which process can be affected by other processes executing in the system?', 'multiplechoicequestion', 4, 'hard', 0, '2019-04-28 21:56:00', '0000-00-00 00:00:00', 0, 0),
(62, 15, 'When several processes access the same data concurrently and the outcome of the execution depends on the particular order in which the access takes place, is called', 'multiplechoicequestion', 4, 'hard', 0, '2019-04-28 21:56:00', '0000-00-00 00:00:00', 0, 0),
(63, 15, 'Which one of the following is a synchronization tool?', 'multiplechoicequestion', 4, 'hard', 0, '2019-04-28 21:56:00', '0000-00-00 00:00:00', 0, 0),
(64, 14, 'When high priority task is indirectly preempted by medium priority task effectively inverting the relative priority of the two tasks, the scenario is called', 'multiplechoicequestion', 4, 'hard', 0, '2019-04-28 21:56:00', '0000-00-00 00:00:00', 0, 0),
(65, 14, 'To enable a process to wait within the monitor,', 'multiplechoicequestion', 4, 'hard', 0, '2019-04-28 21:56:00', '0000-00-00 00:00:00', 0, 0),
(66, 14, 'What is interprocess communication?', 'multiplechoicequestion', 4, 'hard', 0, '2019-04-28 21:56:00', '0000-00-00 00:00:00', 0, 0),
(67, 14, 'A process stack does not contain', 'multiplechoicequestion', 4, 'medium', 0, '2019-04-28 21:56:00', '0000-00-00 00:00:00', 0, 0),
(68, 14, 'Which system call returns the process identifier of a terminated child?', 'multiplechoicequestion', 4, 'medium', 0, '2019-04-28 21:56:00', '0000-00-00 00:00:00', 0, 0),
(69, 14, 'The address of the next instruction to be executed by the current process is provided by the', 'multiplechoicequestion', 4, 'medium', 0, '2019-04-28 21:56:00', '0000-00-00 00:00:00', 0, 0);

-- --------------------------------------------------------

--
-- Table structure for table `question_marks`
--

CREATE TABLE `question_marks` (
  `question_id` int(11) NOT NULL,
  `marks` int(3) NOT NULL,
  `w.e.f` datetime NOT NULL
) ENGINE=InnoDB DEFAULT CHARSET=latin1;

-- --------------------------------------------------------

--
-- Table structure for table `quiz`
--

CREATE TABLE `quiz` (
  `quiz_id` int(11) NOT NULL,
  `subject_id` int(11) NOT NULL,
  `quiz_name` varchar(255) NOT NULL,
  `quiz_marks` int(3) NOT NULL,
  `quiz_type` varchar(100) NOT NULL,
  `group_type` varchar(100) NOT NULL,
  `duration` int(3) NOT NULL,
  `start_dt` datetime NOT NULL,
  `end_dt` datetime NOT NULL,
  `passing_marks_percentage` int(3) NOT NULL,
  `retest_ref_id` int(11) NOT NULL,
  `status` varchar(100) NOT NULL,
  `negative_marks` double NOT NULL,
  `deleted` int(1) NOT NULL,
  `created_at` datetime NOT NULL,
  `updated_at` datetime NOT NULL,
  `deleted_at` datetime NOT NULL,
  `created_by` int(11) NOT NULL,
  `updated_by` int(11) NOT NULL,
  `deleted_by` int(11) NOT NULL
) ENGINE=InnoDB DEFAULT CHARSET=latin1;

--
-- Dumping data for table `quiz`
--

INSERT INTO `quiz` (`quiz_id`, `subject_id`, `quiz_name`, `quiz_marks`, `quiz_type`, `group_type`, `duration`, `start_dt`, `end_dt`, `passing_marks_percentage`, `retest_ref_id`, `status`, `negative_marks`, `deleted`, `created_at`, `updated_at`, `deleted_at`, `created_by`, `updated_by`, `deleted_by`) VALUES
(1, 4, 'First java quiz', 40, 'actual', 'batch', 40, '2019-04-28 20:30:00', '2019-04-28 21:00:00', 40, 0, 'draft', 33, 0, '2019-04-27 20:35:00', '0000-00-00 00:00:00', '0000-00-00 00:00:00', 1, 0, 0),
(2, 5, 'First ds quiz', 40, 'actual', 'batch', 40, '2019-04-28 21:30:00', '2019-04-28 22:00:00', 40, 0, 'draft', 33, 0, '2019-04-27 20:35:00', '0000-00-00 00:00:00', '0000-00-00 00:00:00', 3, 0, 0),
(3, 9, 'First OS quiz', 40, 'actual', 'batch', 40, '2019-04-28 20:30:00', '2019-04-28 21:00:00', 40, 0, 'published', 50, 0, '2019-04-27 20:35:00', '0000-00-00 00:00:00', '0000-00-00 00:00:00', 5, 0, 0),
(4, 4, 'Second java quiz', 40, 'retest', 'student', 40, '2019-04-30 20:30:00', '2019-04-30 21:00:00', 40, 1, 'draft', 50, 0, '2019-04-27 20:35:00', '0000-00-00 00:00:00', '0000-00-00 00:00:00', 1, 0, 0),
(5, 5, 'DS practise quiz', 20, 'practise', 'student', 40, '2019-05-02 20:30:00', '2019-05-02 21:00:00', 40, 0, 'draft', 50, 0, '2019-04-27 20:35:00', '0000-00-00 00:00:00', '0000-00-00 00:00:00', 1, 0, 0),
(6, 9, 'Second OS quiz', 40, 'retest', 'student', 40, '2019-04-30 21:30:00', '2019-04-30 21:30:00', 40, 3, 'draft', 50, 0, '2019-04-27 20:35:00', '0000-00-00 00:00:00', '0000-00-00 00:00:00', 5, 0, 0);

-- --------------------------------------------------------

--
-- Table structure for table `quiz_assigned_to`
--

CREATE TABLE `quiz_assigned_to` (
  `quiz_id` int(11) NOT NULL,
  `id` int(11) NOT NULL
) ENGINE=InnoDB DEFAULT CHARSET=latin1;

--
-- Dumping data for table `quiz_assigned_to`
--

INSERT INTO `quiz_assigned_to` (`quiz_id`, `id`) VALUES
(1, 66),
(1, 67),
(1, 68),
(1, 69),
(1, 70),
(1, 71),
(1, 72),
(1, 73),
(1, 74),
(1, 75),
(1, 76),
(1, 77),
(1, 78),
(1, 79),
(1, 80),
(1, 81),
(1, 82),
(1, 83),
(1, 84),
(1, 85),
(1, 86),
(1, 87),
(1, 88),
(1, 89),
(1, 90),
(1, 91),
(1, 92),
(1, 93),
(1, 94),
(1, 95),
(1, 96),
(1, 97),
(1, 98),
(1, 99),
(1, 100),
(1, 101),
(1, 102),
(1, 103),
(1, 104),
(1, 105),
(1, 106),
(1, 107),
(1, 108),
(1, 109),
(1, 110),
(1, 111),
(1, 112),
(1, 113),
(1, 114),
(2, 18),
(2, 19),
(2, 20),
(2, 21),
(2, 22),
(2, 23),
(2, 24),
(2, 25),
(2, 26),
(2, 27),
(2, 28),
(2, 29),
(2, 30),
(2, 31),
(2, 32),
(2, 33),
(2, 34),
(2, 35),
(2, 36),
(2, 37),
(2, 38),
(2, 39),
(2, 40),
(3, 115),
(3, 116),
(3, 117),
(3, 118),
(3, 119),
(3, 120),
(3, 121),
(3, 122),
(3, 123),
(3, 124),
(3, 125),
(3, 126),
(3, 127),
(3, 128),
(3, 129),
(3, 130),
(3, 131),
(3, 132),
(3, 133),
(3, 134),
(3, 135),
(3, 136),
(3, 137),
(3, 138),
(3, 139),
(3, 140),
(3, 141),
(3, 142),
(3, 143),
(3, 144),
(3, 145),
(3, 146),
(3, 147),
(3, 148),
(3, 149),
(3, 150),
(3, 151),
(3, 152),
(3, 153),
(3, 154),
(3, 155),
(3, 156),
(4, 70),
(4, 73),
(4, 75),
(4, 77),
(4, 83),
(4, 87),
(4, 89),
(4, 93),
(5, 1),
(6, 115),
(6, 117),
(6, 119),
(6, 122),
(6, 126),
(6, 128),
(6, 130),
(6, 134);

-- --------------------------------------------------------

--
-- Table structure for table `quiz_chapter`
--

CREATE TABLE `quiz_chapter` (
  `quiz_id` int(11) NOT NULL,
  `chapter_id` int(11) NOT NULL
) ENGINE=InnoDB DEFAULT CHARSET=latin1;

--
-- Dumping data for table `quiz_chapter`
--

INSERT INTO `quiz_chapter` (`quiz_id`, `chapter_id`) VALUES
(1, 1),
(1, 2),
(2, 8),
(2, 9),
(2, 11),
(2, 12),
(3, 13),
(3, 14),
(3, 15),
(4, 1),
(4, 2),
(5, 8),
(6, 13),
(6, 14),
(6, 15);

-- --------------------------------------------------------

--
-- Table structure for table `quiz_difficulty`
--

CREATE TABLE `quiz_difficulty` (
  `quiz_id` int(11) NOT NULL,
  `difficulty` varchar(255) NOT NULL
) ENGINE=InnoDB DEFAULT CHARSET=latin1;

--
-- Dumping data for table `quiz_difficulty`
--

INSERT INTO `quiz_difficulty` (`quiz_id`, `difficulty`) VALUES
(1, 'easy '),
(1, 'medium'),
(1, 'hard'),
(2, 'easy '),
(2, 'medium'),
(2, 'hard'),
(3, 'easy '),
(3, 'medium'),
(3, 'hard'),
(4, 'easy '),
(4, 'medium'),
(4, 'hard'),
(5, 'easy '),
(5, 'medium'),
(5, 'hard'),
(6, 'easy '),
(6, 'medium'),
(6, 'hard');

-- --------------------------------------------------------

--
-- Table structure for table `quiz_question`
--

CREATE TABLE `quiz_question` (
  `quiz_id` int(11) NOT NULL,
  `question_id` int(11) NOT NULL,
  `no_of_options` int(2) NOT NULL
) ENGINE=InnoDB DEFAULT CHARSET=latin1;

--
-- Dumping data for table `quiz_question`
--

INSERT INTO `quiz_question` (`quiz_id`, `question_id`, `no_of_options`) VALUES
(1, 1, 4),
(1, 2, 4),
(1, 3, 4),
(1, 4, 4),
(1, 5, 4),
(1, 6, 4),
(1, 7, 4),
(1, 8, 4),
(1, 9, 4),
(1, 10, 4),
(1, 11, 4),
(1, 12, 4),
(1, 13, 4),
(1, 14, 4),
(1, 15, 4),
(1, 16, 4),
(1, 17, 4),
(1, 18, 4),
(1, 19, 4),
(1, 20, 4),
(2, 21, 4),
(2, 22, 4),
(2, 23, 4),
(2, 24, 4),
(2, 25, 4),
(2, 26, 4),
(2, 27, 4),
(2, 28, 4),
(2, 29, 4),
(2, 30, 4),
(2, 31, 4),
(2, 32, 4),
(2, 33, 4),
(2, 34, 4),
(2, 35, 4),
(2, 36, 4),
(2, 37, 4),
(2, 38, 4),
(2, 39, 4),
(2, 40, 4),
(3, 49, 4),
(3, 50, 4),
(3, 51, 4),
(3, 52, 4),
(3, 53, 4),
(3, 54, 4),
(3, 55, 4),
(3, 56, 4),
(3, 57, 4),
(3, 58, 4),
(3, 59, 4),
(3, 60, 4),
(3, 61, 4),
(3, 62, 4),
(3, 63, 4),
(3, 64, 4),
(3, 65, 4),
(3, 66, 4),
(3, 67, 4),
(3, 68, 4),
(4, 1, 4),
(4, 2, 4),
(4, 3, 4),
(4, 4, 4),
(4, 5, 4),
(4, 6, 4),
(4, 7, 4),
(4, 8, 4),
(4, 9, 4),
(4, 10, 4),
(4, 11, 4),
(4, 12, 4),
(4, 13, 4),
(4, 14, 4),
(4, 15, 4),
(4, 16, 4),
(4, 17, 4),
(4, 18, 4),
(4, 19, 4),
(4, 20, 4),
(5, 21, 4),
(5, 22, 4),
(5, 23, 4),
(5, 24, 4),
(5, 25, 4),
(5, 26, 4),
(5, 27, 4),
(5, 28, 4),
(5, 29, 4),
(5, 30, 4),
(5, 31, 4),
(5, 32, 4),
(5, 33, 4),
(5, 34, 4),
(5, 35, 4),
(5, 36, 4),
(5, 37, 4),
(5, 38, 4),
(5, 39, 4),
(5, 40, 4),
(6, 49, 4),
(6, 50, 4),
(6, 51, 4),
(6, 52, 4),
(6, 53, 4),
(6, 54, 4),
(6, 55, 4),
(6, 56, 4),
(6, 57, 4),
(6, 58, 4),
(6, 59, 4),
(6, 60, 4),
(6, 61, 4),
(6, 62, 4),
(6, 63, 4),
(6, 64, 4),
(6, 65, 4),
(6, 66, 4),
(6, 67, 4),
(6, 68, 4);

-- --------------------------------------------------------

--
-- Table structure for table `quiz_student_marks`
--

CREATE TABLE `quiz_student_marks` (
  `quiz_id` int(11) NOT NULL,
  `student_id` int(11) NOT NULL,
  `marks` int(3) NOT NULL,
  `submission_dt` datetime NOT NULL
) ENGINE=InnoDB DEFAULT CHARSET=latin1;

--
-- Dumping data for table `quiz_student_marks`
--

INSERT INTO `quiz_student_marks` (`quiz_id`, `student_id`, `marks`, `submission_dt`) VALUES
(1, 66, 40, '2019-04-28 21:55:00'),
(1, 67, 40, '2019-04-28 21:59:00'),
(1, 68, 32, '2019-04-28 21:52:00'),
(1, 69, 32, '2019-04-28 21:51:00'),
(1, 70, 13, '2019-04-28 21:55:00'),
(1, 71, 37, '2019-04-28 21:59:00'),
(1, 72, 35, '2019-04-28 21:52:00'),
(1, 73, 11, '2019-04-28 21:51:00'),
(1, 74, 40, '2019-04-28 21:55:00'),
(1, 75, 11, '2019-04-28 21:59:00'),
(1, 76, 35, '2019-04-28 21:52:00'),
(1, 77, 11, '2019-04-28 21:51:00'),
(1, 78, 40, '2019-04-28 21:55:00'),
(1, 79, 40, '2019-04-28 21:59:00'),
(1, 80, 40, '2019-04-28 21:52:00'),
(1, 81, 37, '2019-04-28 21:51:00'),
(1, 82, 40, '2019-04-28 21:57:00'),
(1, 83, 8, '2019-04-28 21:55:00'),
(1, 84, 40, '2019-04-28 21:59:00'),
(1, 85, 40, '2019-04-28 21:52:00'),
(1, 86, 40, '2019-04-28 21:51:00'),
(1, 87, 13, '2019-04-28 21:47:00'),
(1, 88, 32, '2019-04-28 21:50:00'),
(1, 89, 8, '2019-04-28 21:57:00'),
(1, 90, 21, '2019-04-28 21:55:00'),
(1, 91, 32, '2019-04-28 21:59:00'),
(1, 92, 32, '2019-04-28 21:52:00'),
(1, 93, 13, '2019-04-28 21:51:00'),
(1, 94, 40, '2019-04-28 21:55:00'),
(1, 95, 40, '2019-04-28 21:59:00'),
(1, 96, 32, '2019-04-28 21:52:00'),
(1, 97, 32, '2019-04-28 21:51:00'),
(1, 98, 21, '2019-04-28 21:50:00'),
(1, 99, 40, '2019-04-28 21:57:00'),
(1, 100, 40, '2019-04-28 21:55:00'),
(1, 101, 32, '2019-04-28 21:59:00'),
(1, 102, 32, '2019-04-28 21:52:00'),
(1, 103, 21, '2019-04-28 21:51:00'),
(1, 104, 40, '2019-04-28 21:45:00'),
(1, 105, 40, '2019-04-28 21:45:00'),
(1, 106, 40, '2019-04-28 21:55:00'),
(1, 107, 40, '2019-04-28 21:59:00'),
(1, 108, 40, '2019-04-28 21:52:00'),
(1, 109, 37, '2019-04-28 21:51:00'),
(1, 110, 37, '2019-04-28 21:55:00'),
(1, 111, 40, '2019-04-28 21:59:00'),
(1, 112, 40, '2019-04-28 21:52:00'),
(1, 113, 40, '2019-04-28 21:51:00'),
(1, 114, 40, '2019-04-28 21:57:00'),
(2, 18, 40, '2019-04-28 20:57:00'),
(2, 19, 40, '2019-04-28 20:55:00'),
(2, 20, 40, '2019-04-28 20:40:00'),
(2, 21, 40, '2019-04-28 20:45:00'),
(2, 22, 31, '2019-04-28 20:57:00'),
(2, 23, 31, '2019-04-28 20:55:00'),
(2, 24, 36, '2019-04-28 20:40:00'),
(2, 25, 36, '2019-04-28 20:45:00'),
(2, 26, 37, '2019-04-28 20:57:00'),
(2, 27, 37, '2019-04-28 20:55:00'),
(2, 28, 37, '2019-04-28 20:40:00'),
(2, 29, 35, '2019-04-28 20:45:00'),
(2, 30, 40, '2019-04-28 20:57:00'),
(2, 31, 40, '2019-04-28 20:55:00'),
(2, 32, 40, '2019-04-28 20:40:00'),
(2, 33, 40, '2019-04-28 20:45:00'),
(2, 34, 26, '2019-04-28 20:40:00'),
(2, 35, 24, '2019-04-28 20:40:00'),
(2, 36, 24, '2019-04-28 20:45:00'),
(2, 37, 24, '2019-04-28 20:57:00'),
(2, 38, 18, '2019-04-28 20:55:00'),
(2, 39, 40, '2019-04-28 20:40:00'),
(2, 40, 40, '2019-04-28 20:45:00'),
(3, 115, 10, '2019-04-28 21:55:00'),
(3, 116, 40, '2019-04-28 21:59:00'),
(3, 117, 11, '2019-04-28 21:52:00'),
(3, 118, 36, '2019-04-28 21:51:00'),
(3, 119, 8, '2019-04-28 21:55:00'),
(3, 120, 40, '2019-04-28 21:59:00'),
(3, 121, 24, '2019-04-28 21:52:00'),
(3, 122, 11, '2019-04-28 21:51:00'),
(3, 123, 40, '2019-04-28 21:55:00'),
(3, 124, 40, '2019-04-28 21:59:00'),
(3, 125, 35, '2019-04-28 21:52:00'),
(3, 126, 10, '2019-04-28 21:51:00'),
(3, 127, 40, '2019-04-28 21:55:00'),
(3, 128, 9, '2019-04-28 21:59:00'),
(3, 129, 36, '2019-04-28 21:52:00'),
(3, 130, 12, '2019-04-28 21:51:00'),
(3, 131, 40, '2019-04-28 21:57:00'),
(3, 132, 40, '2019-04-28 21:55:00'),
(3, 133, 40, '2019-04-28 21:59:00'),
(3, 134, 15, '2019-04-28 21:52:00'),
(3, 135, 35, '2019-04-28 21:51:00'),
(3, 136, 35, '2019-04-28 21:47:00'),
(3, 137, 35, '2019-04-28 21:50:00'),
(3, 138, 40, '2019-04-28 21:57:00'),
(3, 139, 40, '2019-04-28 21:55:00'),
(3, 140, 40, '2019-04-28 21:59:00'),
(3, 141, 36, '2019-04-28 21:52:00'),
(3, 142, 40, '2019-04-28 21:51:00'),
(3, 143, 35, '2019-04-28 21:55:00'),
(3, 144, 40, '2019-04-28 21:59:00'),
(3, 145, 24, '2019-04-28 21:52:00'),
(3, 146, 35, '2019-04-28 21:51:00'),
(3, 147, 35, '2019-04-28 21:50:00'),
(3, 148, 40, '2019-04-28 21:57:00'),
(3, 149, 26, '2019-04-28 21:55:00'),
(3, 150, 40, '2019-04-28 21:59:00'),
(3, 151, 30, '2019-04-28 21:52:00'),
(3, 152, 24, '2019-04-28 21:51:00'),
(3, 153, 26, '2019-04-28 21:45:00'),
(3, 154, 40, '2019-04-28 21:45:00'),
(3, 155, 40, '2019-04-28 21:55:00'),
(3, 156, 40, '2019-04-28 21:59:00'),
(4, 70, 24, '2019-04-30 20:45:00'),
(4, 73, 26, '2019-04-30 20:50:00'),
(4, 75, 24, '2019-04-30 20:55:00'),
(4, 77, 30, '2019-04-30 20:45:00'),
(4, 83, 36, '2019-04-30 20:50:00'),
(4, 87, 24, '2019-04-30 20:45:00'),
(4, 89, 20, '2019-04-30 20:50:00'),
(4, 93, 40, '2019-04-30 20:45:00'),
(5, 1, 20, '2019-04-30 21:38:00'),
(6, 115, 36, '2019-05-02 20:44:00'),
(6, 117, 36, '2019-05-02 20:45:00'),
(6, 119, 35, '2019-05-02 20:50:00'),
(6, 122, 30, '2019-05-02 20:52:00'),
(6, 126, 40, '2019-05-02 20:50:00'),
(6, 128, 40, '2019-05-02 20:52:00'),
(6, 130, 24, '2019-05-02 20:44:00'),
(6, 134, 26, '2019-05-02 20:45:00');

-- --------------------------------------------------------

--
-- Table structure for table `student`
--

CREATE TABLE `student` (
  `student_id` int(11) NOT NULL,
  `user_id` int(11) NOT NULL,
  `branch_id` int(11) NOT NULL
) ENGINE=InnoDB DEFAULT CHARSET=latin1;

--
-- Dumping data for table `student`
--

INSERT INTO `student` (`student_id`, `user_id`, `branch_id`) VALUES
(1, 18, 2),
(2, 19, 2),
(3, 20, 2),
(4, 21, 2),
(5, 22, 2),
(6, 23, 2),
(7, 24, 2),
(8, 25, 2),
(9, 26, 2),
(10, 27, 2),
(11, 28, 2),
(12, 29, 2),
(13, 30, 2),
(14, 31, 2),
(15, 32, 2),
(16, 33, 2),
(17, 34, 2),
(18, 35, 2),
(19, 36, 2),
(20, 37, 2),
(21, 38, 2),
(22, 39, 2),
(23, 40, 2),
(24, 41, 2),
(25, 42, 2),
(26, 43, 2),
(27, 44, 2),
(28, 45, 2),
(29, 46, 2),
(30, 47, 2),
(31, 48, 2),
(32, 49, 2),
(33, 50, 2),
(34, 51, 2),
(35, 52, 2),
(36, 53, 2),
(37, 54, 2),
(38, 55, 2),
(39, 56, 2),
(40, 57, 2),
(41, 58, 2),
(42, 59, 2),
(43, 60, 2),
(44, 61, 2),
(45, 62, 2),
(46, 63, 2),
(47, 64, 2),
(48, 65, 2),
(49, 66, 2),
(50, 67, 2),
(51, 68, 2),
(52, 69, 2),
(53, 70, 2),
(54, 71, 2),
(55, 72, 2),
(56, 73, 2),
(57, 74, 2),
(58, 75, 2),
(59, 76, 2),
(60, 77, 2),
(61, 78, 2),
(62, 79, 2),
(63, 80, 2),
(64, 81, 2),
(65, 82, 2),
(66, 83, 2),
(67, 84, 2),
(68, 85, 2),
(69, 86, 2),
(70, 87, 2),
(71, 88, 2),
(72, 89, 2),
(73, 90, 2),
(74, 91, 2),
(75, 92, 2),
(76, 93, 2),
(77, 94, 2),
(78, 95, 2),
(79, 96, 2),
(80, 97, 2),
(81, 98, 2),
(82, 99, 2),
(83, 100, 2),
(84, 101, 2),
(85, 102, 2),
(86, 103, 2),
(87, 104, 2),
(88, 105, 2),
(89, 106, 2),
(90, 107, 2),
(91, 108, 2),
(92, 109, 2),
(93, 110, 2),
(94, 111, 2),
(95, 112, 2),
(96, 113, 2),
(97, 114, 2),
(98, 115, 1),
(99, 116, 1),
(100, 117, 1),
(101, 118, 1),
(102, 119, 1),
(103, 120, 1),
(104, 121, 1),
(105, 122, 1),
(106, 123, 1),
(107, 124, 1),
(108, 125, 1),
(109, 126, 1),
(110, 127, 1),
(111, 128, 1),
(112, 129, 1),
(113, 130, 1),
(114, 131, 1),
(115, 132, 1),
(116, 133, 1),
(117, 134, 1),
(118, 135, 1),
(119, 136, 1),
(120, 137, 1),
(121, 138, 1),
(122, 139, 1),
(123, 140, 1),
(124, 141, 1),
(125, 142, 1),
(126, 143, 1),
(127, 144, 1),
(128, 145, 1),
(129, 146, 1),
(130, 147, 1),
(131, 148, 1),
(132, 149, 1),
(133, 150, 1),
(134, 151, 1),
(135, 152, 1),
(136, 153, 1),
(137, 154, 1),
(138, 155, 1),
(139, 156, 1),
(140, 157, 1),
(141, 158, 1),
(142, 159, 1),
(143, 160, 1),
(144, 161, 1),
(145, 162, 1),
(146, 163, 1),
(147, 164, 1),
(148, 165, 1),
(149, 166, 1),
(150, 167, 1),
(151, 168, 1),
(152, 169, 1),
(153, 170, 1),
(154, 171, 1),
(155, 172, 1),
(156, 173, 1),
(157, 174, 1),
(158, 175, 1),
(159, 176, 1),
(160, 177, 1),
(161, 178, 1),
(162, 179, 1),
(163, 180, 1),
(164, 181, 1),
(165, 182, 1),
(166, 183, 1),
(167, 184, 1),
(168, 185, 1),
(169, 186, 1),
(170, 187, 1),
(171, 188, 1),
(172, 189, 1),
(173, 190, 1),
(174, 191, 1),
(175, 192, 1),
(176, 193, 1),
(177, 194, 1),
(178, 195, 1),
(179, 196, 1),
(180, 197, 1),
(181, 198, 1),
(182, 199, 1),
(183, 200, 1),
(184, 201, 1);

-- --------------------------------------------------------

--
-- Table structure for table `student_details`
--

CREATE TABLE `student_details` (
  `student_id` int(11) NOT NULL,
  `batch_id` int(11) NOT NULL
) ENGINE=InnoDB DEFAULT CHARSET=latin1;

--
-- Dumping data for table `student_details`
--

INSERT INTO `student_details` (`student_id`, `batch_id`) VALUES
(18, 1),
(19, 1),
(20, 1),
(21, 1),
(22, 1),
(23, 1),
(24, 1),
(25, 1),
(26, 1),
(27, 1),
(28, 1),
(29, 1),
(30, 2),
(31, 2),
(32, 2),
(33, 2),
(34, 2),
(35, 2),
(36, 2),
(37, 2),
(38, 2),
(39, 2),
(40, 2),
(41, 3),
(42, 3),
(43, 3),
(44, 3),
(45, 3),
(46, 3),
(47, 3),
(48, 3),
(49, 3),
(50, 3),
(51, 3),
(52, 3),
(53, 3),
(54, 4),
(55, 4),
(56, 4),
(57, 4),
(58, 4),
(59, 4),
(60, 4),
(61, 4),
(62, 4),
(63, 4),
(64, 4),
(65, 4),
(66, 5),
(67, 5),
(68, 5),
(69, 5),
(70, 5),
(71, 5),
(72, 5),
(73, 5),
(74, 5),
(75, 5),
(76, 5),
(77, 5),
(78, 6),
(79, 6),
(80, 6),
(81, 6),
(82, 6),
(83, 6),
(84, 6),
(85, 6),
(86, 6),
(87, 6),
(88, 6),
(89, 6),
(90, 7),
(91, 7),
(92, 7),
(93, 7),
(94, 7),
(95, 7),
(96, 7),
(97, 7),
(98, 7),
(99, 7),
(100, 7),
(101, 7),
(102, 7),
(103, 8),
(104, 8),
(105, 8),
(106, 8),
(107, 8),
(108, 8),
(109, 8),
(110, 8),
(111, 8),
(112, 8),
(113, 8),
(114, 8),
(115, 9),
(116, 9),
(117, 9),
(118, 9),
(119, 9),
(120, 9),
(121, 9),
(122, 9),
(123, 9),
(124, 9),
(125, 9),
(126, 9),
(127, 9),
(128, 9),
(129, 9),
(130, 9),
(131, 9),
(132, 9),
(133, 9),
(134, 9),
(135, 9),
(136, 10),
(137, 10),
(138, 10),
(139, 10),
(140, 10),
(141, 10),
(142, 10),
(143, 10),
(144, 10),
(145, 10),
(146, 10),
(147, 10),
(148, 10),
(149, 10),
(150, 10),
(151, 10),
(152, 10),
(153, 10),
(154, 10),
(155, 10),
(156, 10),
(157, 11),
(158, 11),
(159, 11),
(160, 11),
(161, 11),
(162, 11),
(163, 11),
(164, 11),
(165, 11),
(166, 11),
(167, 11),
(168, 11),
(169, 11),
(170, 11),
(171, 11),
(172, 11),
(173, 11),
(174, 11),
(175, 11),
(176, 11),
(177, 11),
(178, 11),
(179, 12),
(180, 12),
(181, 12),
(182, 12),
(183, 12),
(184, 12),
(185, 12),
(186, 12),
(187, 12),
(188, 12),
(189, 12),
(190, 12),
(191, 12),
(192, 12),
(193, 12),
(194, 12),
(195, 12),
(196, 12),
(197, 12),
(198, 12),
(199, 12),
(200, 12),
(201, 12);

-- --------------------------------------------------------

--
-- Table structure for table `student_quiz_question`
--

CREATE TABLE `student_quiz_question` (
  `student_quiz_question_id` int(11) NOT NULL,
  `quiz_id` int(11) NOT NULL,
  `question_id` int(11) NOT NULL,
  `student_id` int(11) NOT NULL,
  `marks` double NOT NULL,
  `isAttempted` int(1) NOT NULL
) ENGINE=InnoDB DEFAULT CHARSET=latin1;

--
-- Dumping data for table `student_quiz_question`
--

INSERT INTO `student_quiz_question` (`student_quiz_question_id`, `quiz_id`, `question_id`, `student_id`, `marks`, `isAttempted`) VALUES
(1, 1, 1, 66, 2, 1),
(2, 1, 2, 66, 2, 1),
(3, 1, 3, 66, 2, 1),
(4, 1, 4, 66, 2, 1),
(5, 1, 5, 66, 2, 1),
(6, 1, 6, 66, 2, 1),
(7, 1, 7, 66, 2, 1),
(8, 1, 8, 66, 2, 1),
(9, 1, 9, 66, 2, 1),
(10, 1, 10, 66, 2, 1),
(11, 1, 11, 66, 2, 1),
(12, 1, 12, 66, 2, 1),
(13, 1, 13, 66, 2, 1),
(14, 1, 14, 66, 2, 1),
(15, 1, 15, 66, 2, 1),
(16, 1, 16, 66, 2, 1),
(17, 1, 17, 66, 2, 1),
(18, 1, 18, 66, 2, 1),
(19, 1, 19, 66, 2, 1),
(20, 1, 20, 66, 2, 1),
(21, 1, 1, 67, 2, 1),
(22, 1, 2, 67, 2, 1),
(23, 1, 3, 67, 2, 1),
(24, 1, 4, 67, 2, 1),
(25, 1, 5, 67, 2, 1),
(26, 1, 6, 67, 2, 1),
(27, 1, 7, 67, 2, 1),
(28, 1, 8, 67, 2, 1),
(29, 1, 9, 67, 2, 1),
(30, 1, 10, 67, 2, 1),
(31, 1, 11, 67, 2, 1),
(32, 1, 12, 67, 2, 1),
(33, 1, 13, 67, 2, 1),
(34, 1, 14, 67, 2, 1),
(35, 1, 15, 67, 2, 1),
(36, 1, 16, 67, 2, 1),
(37, 1, 17, 67, 2, 1),
(38, 1, 18, 67, 2, 1),
(39, 1, 19, 67, 2, 1),
(40, 1, 20, 67, 2, 1),
(41, 1, 1, 68, 2, 1),
(42, 1, 2, 68, -0.66, 1),
(43, 1, 3, 68, -0.66, 1),
(44, 1, 4, 68, -0.66, 1),
(45, 1, 5, 68, 2, 1),
(46, 1, 6, 68, 2, 1),
(47, 1, 7, 68, 2, 1),
(48, 1, 8, 68, 2, 1),
(49, 1, 9, 68, 2, 1),
(50, 1, 10, 68, 2, 1),
(51, 1, 11, 68, 2, 1),
(52, 1, 12, 68, 2, 1),
(53, 1, 13, 68, 2, 1),
(54, 1, 14, 68, 2, 1),
(55, 1, 15, 68, 2, 1),
(56, 1, 16, 68, 2, 1),
(57, 1, 17, 68, 2, 1),
(58, 1, 18, 68, 2, 1),
(59, 1, 19, 68, 2, 1),
(60, 1, 20, 68, 2, 1),
(61, 1, 1, 69, 2, 1),
(62, 1, 2, 69, 2, 1),
(63, 1, 3, 69, 2, 1),
(64, 1, 4, 69, 2, 1),
(65, 1, 5, 69, -0.66, 1),
(66, 1, 6, 69, 2, 1),
(67, 1, 7, 69, 2, 1),
(68, 1, 8, 69, -0.66, 1),
(69, 1, 9, 69, 2, 1),
(70, 1, 10, 69, 2, 1),
(71, 1, 11, 69, 2, 1),
(72, 1, 12, 69, 2, 1),
(73, 1, 13, 69, 2, 1),
(74, 1, 14, 69, 2, 1),
(75, 1, 15, 69, 2, 1),
(76, 1, 16, 69, 2, 1),
(77, 1, 17, 69, 2, 1),
(78, 1, 18, 69, 2, 1),
(79, 1, 19, 69, -0.66, 1),
(80, 1, 20, 69, 2, 1),
(81, 1, 1, 70, 0, 0),
(82, 1, 2, 70, 0, 0),
(83, 1, 3, 70, 2, 1),
(84, 1, 4, 70, 2, 1),
(85, 1, 5, 70, -0.66, 1),
(86, 1, 6, 70, 2, 1),
(87, 1, 7, 70, -0.66, 1),
(88, 1, 8, 70, -0.66, 1),
(89, 1, 9, 70, 2, 1),
(90, 1, 10, 70, -0.66, 1),
(91, 1, 11, 70, 0, 0),
(92, 1, 12, 70, 0, 0),
(93, 1, 13, 70, 2, 1),
(94, 1, 14, 70, 2, 1),
(95, 1, 15, 70, 2, 1),
(96, 1, 16, 70, -0.66, 1),
(97, 1, 17, 70, 2, 1),
(98, 1, 18, 70, -0.66, 1),
(99, 1, 19, 70, -0.66, 1),
(100, 1, 20, 70, 2, 1),
(101, 1, 1, 71, 2, 1),
(102, 1, 2, 71, 2, 1),
(103, 1, 3, 71, 2, 1),
(104, 1, 4, 71, 2, 1),
(105, 1, 5, 71, 2, 1),
(106, 1, 6, 71, 2, 1),
(107, 1, 7, 71, 2, 1),
(108, 1, 8, 71, -0.66, 1),
(109, 1, 9, 71, 2, 1),
(110, 1, 10, 71, 2, 1),
(111, 1, 11, 71, 2, 1),
(112, 1, 12, 71, 2, 1),
(113, 1, 13, 71, 2, 1),
(114, 1, 14, 71, 2, 1),
(115, 1, 15, 71, 2, 1),
(116, 1, 16, 71, 2, 1),
(117, 1, 17, 71, 2, 1),
(118, 1, 18, 71, 2, 1),
(119, 1, 19, 71, 2, 1),
(120, 1, 20, 71, 2, 1),
(121, 1, 1, 72, 2, 1),
(122, 1, 2, 72, 2, 1),
(123, 1, 3, 72, 2, 1),
(124, 1, 4, 72, 2, 1),
(125, 1, 5, 72, 2, 1),
(126, 1, 6, 72, 2, 1),
(127, 1, 7, 72, 2, 1),
(128, 1, 8, 72, -0.66, 1),
(129, 1, 9, 72, 2, 1),
(130, 1, 10, 72, 2, 1),
(131, 1, 11, 72, 2, 1),
(132, 1, 12, 72, -0.66, 1),
(133, 1, 13, 72, 2, 1),
(134, 1, 14, 72, 2, 1),
(135, 1, 15, 72, 2, 1),
(136, 1, 16, 72, 2, 1),
(137, 1, 17, 72, 2, 1),
(138, 1, 18, 72, 2, 1),
(139, 1, 19, 72, 2, 1),
(140, 1, 20, 72, 2, 1),
(141, 1, 1, 73, 2, 1),
(142, 1, 2, 73, 2, 1),
(143, 1, 3, 73, 0, 0),
(144, 1, 4, 73, 0, 0),
(145, 1, 5, 73, 2, 1),
(146, 1, 6, 73, 2, 1),
(147, 1, 7, 73, 2, 1),
(148, 1, 8, 73, 0, 0),
(149, 1, 9, 73, 0, 0),
(150, 1, 10, 73, 0, 0),
(151, 1, 11, 73, 0, 0),
(152, 1, 12, 73, 0, 0),
(153, 1, 13, 73, 0, 0),
(154, 1, 14, 73, 0, 0),
(155, 1, 15, 73, 0, 0),
(156, 1, 16, 73, -0.66, 1),
(157, 1, 17, 73, 2, 1),
(158, 1, 18, 73, 0, 0),
(159, 1, 19, 73, 0, 0),
(160, 1, 20, 73, 0, 0),
(161, 1, 1, 74, 2, 1),
(162, 1, 2, 74, 2, 1),
(163, 1, 3, 74, 2, 1),
(164, 1, 4, 74, 2, 1),
(165, 1, 5, 74, 2, 1),
(166, 1, 6, 74, 2, 1),
(167, 1, 7, 74, 2, 1),
(168, 1, 8, 74, 2, 1),
(169, 1, 9, 74, 2, 1),
(170, 1, 10, 74, 2, 1),
(171, 1, 11, 74, 2, 1),
(172, 1, 12, 74, 2, 1),
(173, 1, 13, 74, 2, 1),
(174, 1, 14, 74, 2, 1),
(175, 1, 15, 74, 2, 1),
(176, 1, 16, 74, 2, 1),
(177, 1, 17, 74, 2, 1),
(178, 1, 18, 74, 2, 1),
(179, 1, 19, 74, 2, 1),
(180, 1, 20, 74, 2, 1),
(181, 1, 1, 75, 2, 1),
(182, 1, 2, 75, 2, 1),
(183, 1, 3, 75, 0, 0),
(184, 1, 4, 75, 0, 0),
(185, 1, 5, 75, 2, 1),
(186, 1, 6, 75, 2, 1),
(187, 1, 7, 75, 2, 1),
(188, 1, 8, 75, 0, 0),
(189, 1, 9, 75, 0, 0),
(190, 1, 10, 75, 0, 0),
(191, 1, 11, 75, 0, 0),
(192, 1, 12, 75, 0, 0),
(193, 1, 13, 75, 0, 0),
(194, 1, 14, 75, 0, 0),
(195, 1, 15, 75, 0, 0),
(196, 1, 16, 75, -0.66, 1),
(197, 1, 17, 75, 2, 1),
(198, 1, 18, 75, 0, 0),
(199, 1, 19, 75, 0, 0),
(200, 1, 20, 75, 0, 0),
(201, 1, 1, 76, 2, 1),
(202, 1, 2, 76, 2, 1),
(203, 1, 3, 76, 2, 1),
(204, 1, 4, 76, 2, 1),
(205, 1, 5, 76, 2, 1),
(206, 1, 6, 76, 2, 1),
(207, 1, 7, 76, 2, 1),
(208, 1, 8, 76, -0.66, 1),
(209, 1, 9, 76, 2, 1),
(210, 1, 10, 76, 2, 1),
(211, 1, 11, 76, 2, 1),
(212, 1, 12, 76, -0.66, 1),
(213, 1, 13, 76, 2, 1),
(214, 1, 14, 76, 2, 1),
(215, 1, 15, 76, 2, 1),
(216, 1, 16, 76, 2, 1),
(217, 1, 17, 76, 2, 1),
(218, 1, 18, 76, 2, 1),
(219, 1, 19, 76, 2, 1),
(220, 1, 20, 76, 2, 1),
(221, 1, 1, 77, 2, 1),
(222, 1, 2, 77, 2, 1),
(223, 1, 3, 77, 0, 0),
(224, 1, 4, 77, 0, 0),
(225, 1, 5, 77, 2, 1),
(226, 1, 6, 77, 2, 1),
(227, 1, 7, 77, 2, 1),
(228, 1, 8, 77, 0, 0),
(229, 1, 9, 77, 0, 0),
(230, 1, 10, 77, 0, 0),
(231, 1, 11, 77, 0, 0),
(232, 1, 12, 77, 0, 0),
(233, 1, 13, 77, 0, 0),
(234, 1, 14, 77, 0, 0),
(235, 1, 15, 77, 0, 0),
(236, 1, 16, 77, -0.66, 1),
(237, 1, 17, 77, 2, 1),
(238, 1, 18, 77, 0, 0),
(239, 1, 19, 77, 0, 0),
(240, 1, 20, 77, 0, 0),
(241, 1, 1, 78, 2, 1),
(242, 1, 2, 78, 2, 1),
(243, 1, 3, 78, 2, 1),
(244, 1, 4, 78, 2, 1),
(245, 1, 5, 78, 2, 1),
(246, 1, 6, 78, 2, 1),
(247, 1, 7, 78, 2, 1),
(248, 1, 8, 78, 2, 1),
(249, 1, 9, 78, 2, 1),
(250, 1, 10, 78, 2, 1),
(251, 1, 11, 78, 2, 1),
(252, 1, 12, 78, 2, 1),
(253, 1, 13, 78, 2, 1),
(254, 1, 14, 78, 2, 1),
(255, 1, 15, 78, 2, 1),
(256, 1, 16, 78, 2, 1),
(257, 1, 17, 78, 2, 1),
(258, 1, 18, 78, 2, 1),
(259, 1, 19, 78, 2, 1),
(260, 1, 20, 78, 2, 1),
(261, 1, 1, 79, 2, 1),
(262, 1, 2, 79, 2, 1),
(263, 1, 3, 79, 2, 1),
(264, 1, 4, 79, 2, 1),
(265, 1, 5, 79, 2, 1),
(266, 1, 6, 79, 2, 1),
(267, 1, 7, 79, 2, 1),
(268, 1, 8, 79, 2, 1),
(269, 1, 9, 79, 2, 1),
(270, 1, 10, 79, 2, 1),
(271, 1, 11, 79, 2, 1),
(272, 1, 12, 79, 2, 1),
(273, 1, 13, 79, 2, 1),
(274, 1, 14, 79, 2, 1),
(275, 1, 15, 79, 2, 1),
(276, 1, 16, 79, 2, 1),
(277, 1, 17, 79, 2, 1),
(278, 1, 18, 79, 2, 1),
(279, 1, 19, 79, 2, 1),
(280, 1, 20, 79, 2, 1),
(281, 1, 1, 80, 2, 1),
(282, 1, 2, 80, 2, 1),
(283, 1, 3, 80, 2, 1),
(284, 1, 4, 80, 2, 1),
(285, 1, 5, 80, 2, 1),
(286, 1, 6, 80, 2, 1),
(287, 1, 7, 80, 2, 1),
(288, 1, 8, 80, 2, 1),
(289, 1, 9, 80, 2, 1),
(290, 1, 10, 80, 2, 1),
(291, 1, 11, 80, 2, 1),
(292, 1, 12, 80, 2, 1),
(293, 1, 13, 80, 2, 1),
(294, 1, 14, 80, 2, 1),
(295, 1, 15, 80, 2, 1),
(296, 1, 16, 80, 2, 1),
(297, 1, 17, 80, 2, 1),
(298, 1, 18, 80, 2, 1),
(299, 1, 19, 80, 2, 1),
(300, 1, 20, 80, 2, 1),
(301, 1, 1, 81, 2, 1),
(302, 1, 2, 81, 2, 1),
(303, 1, 3, 81, 2, 1),
(304, 1, 4, 81, 2, 1),
(305, 1, 5, 81, 2, 1),
(306, 1, 6, 81, 2, 1),
(307, 1, 7, 81, 2, 1),
(308, 1, 8, 81, -0.66, 1),
(309, 1, 9, 81, 2, 1),
(310, 1, 10, 81, 2, 1),
(311, 1, 11, 81, 2, 1),
(312, 1, 12, 81, 2, 1),
(313, 1, 13, 81, 2, 1),
(314, 1, 14, 81, 2, 1),
(315, 1, 15, 81, 2, 1),
(316, 1, 16, 81, 2, 1),
(317, 1, 17, 81, 2, 1),
(318, 1, 18, 81, 2, 1),
(319, 1, 19, 81, 2, 1),
(320, 1, 20, 81, 2, 1),
(321, 1, 1, 82, 2, 1),
(322, 1, 2, 82, 2, 1),
(323, 1, 3, 82, 2, 1),
(324, 1, 4, 82, 2, 1),
(325, 1, 5, 82, 2, 1),
(326, 1, 6, 82, 2, 1),
(327, 1, 7, 82, 2, 1),
(328, 1, 8, 82, 2, 1),
(329, 1, 9, 82, 2, 1),
(330, 1, 10, 82, 2, 1),
(331, 1, 11, 82, 2, 1),
(332, 1, 12, 82, 2, 1),
(333, 1, 13, 82, 2, 1),
(334, 1, 14, 82, 2, 1),
(335, 1, 15, 82, 2, 1),
(336, 1, 16, 82, 2, 1),
(337, 1, 17, 82, 2, 1),
(338, 1, 18, 82, 2, 1),
(339, 1, 19, 82, 2, 1),
(340, 1, 20, 82, 2, 1),
(341, 1, 1, 83, -0.66, 1),
(342, 1, 2, 83, -0.66, 1),
(343, 1, 3, 83, -0.66, 1),
(344, 1, 4, 83, 2, 1),
(345, 1, 5, 83, 2, 1),
(346, 1, 6, 83, -0.66, 1),
(347, 1, 7, 83, 2, 1),
(348, 1, 8, 83, -0.66, 1),
(349, 1, 9, 83, -0.66, 1),
(350, 1, 10, 83, 2, 1),
(351, 1, 11, 83, 2, 1),
(352, 1, 12, 83, -0.66, 1),
(353, 1, 13, 83, 2, 1),
(354, 1, 14, 83, -0.66, 1),
(355, 1, 15, 83, -0.66, 1),
(356, 1, 16, 83, -0.66, 1),
(357, 1, 17, 83, 2, 1),
(358, 1, 18, 83, -0.66, 1),
(359, 1, 19, 83, 2, 1),
(360, 1, 20, 83, -0.66, 1),
(361, 1, 1, 84, 2, 1),
(362, 1, 2, 84, 2, 1),
(363, 1, 3, 84, 2, 1),
(364, 1, 4, 84, 2, 1),
(365, 1, 5, 84, 2, 1),
(366, 1, 6, 84, 2, 1),
(367, 1, 7, 84, 2, 1),
(368, 1, 8, 84, 2, 1),
(369, 1, 9, 84, 2, 1),
(370, 1, 10, 84, 2, 1),
(371, 1, 11, 84, 2, 1),
(372, 1, 12, 84, 2, 1),
(373, 1, 13, 84, 2, 1),
(374, 1, 14, 84, 2, 1),
(375, 1, 15, 84, 2, 1),
(376, 1, 16, 84, 2, 1),
(377, 1, 17, 84, 2, 1),
(378, 1, 18, 84, 2, 1),
(379, 1, 19, 84, 2, 1),
(380, 1, 20, 84, 2, 1),
(381, 1, 1, 85, 2, 1),
(382, 1, 2, 85, 2, 1),
(383, 1, 3, 85, 2, 1),
(384, 1, 4, 85, 2, 1),
(385, 1, 5, 85, 2, 1),
(386, 1, 6, 85, 2, 1),
(387, 1, 7, 85, 2, 1),
(388, 1, 8, 85, 2, 1),
(389, 1, 9, 85, 2, 1),
(390, 1, 10, 85, 2, 1),
(391, 1, 11, 85, 2, 1),
(392, 1, 12, 85, 2, 1),
(393, 1, 13, 85, 2, 1),
(394, 1, 14, 85, 2, 1),
(395, 1, 15, 85, 2, 1),
(396, 1, 16, 85, 2, 1),
(397, 1, 17, 85, 2, 1),
(398, 1, 18, 85, 2, 1),
(399, 1, 19, 85, 2, 1),
(400, 1, 20, 85, 2, 1),
(401, 1, 1, 86, 2, 1),
(402, 1, 2, 86, 2, 1),
(403, 1, 3, 86, 2, 1),
(404, 1, 4, 86, 2, 1),
(405, 1, 5, 86, 2, 1),
(406, 1, 6, 86, 2, 1),
(407, 1, 7, 86, 2, 1),
(408, 1, 8, 86, 2, 1),
(409, 1, 9, 86, 2, 1),
(410, 1, 10, 86, 2, 1),
(411, 1, 11, 86, 2, 1),
(412, 1, 12, 86, 2, 1),
(413, 1, 13, 86, 2, 1),
(414, 1, 14, 86, 2, 1),
(415, 1, 15, 86, 2, 1),
(416, 1, 16, 86, 2, 1),
(417, 1, 17, 86, 2, 1),
(418, 1, 18, 86, 2, 1),
(419, 1, 19, 86, 2, 1),
(420, 1, 20, 86, 2, 1),
(421, 1, 1, 87, 0, 0),
(422, 1, 2, 87, 0, 0),
(423, 1, 3, 87, 2, 1),
(424, 1, 4, 87, 2, 1),
(425, 1, 5, 87, -0.66, 1),
(426, 1, 6, 87, 2, 1),
(427, 1, 7, 87, -0.66, 1),
(428, 1, 8, 87, -0.66, 1),
(429, 1, 9, 87, 2, 1),
(430, 1, 10, 87, -0.66, 1),
(431, 1, 11, 87, 0, 0),
(432, 1, 12, 87, 0, 0),
(433, 1, 13, 87, 2, 1),
(434, 1, 14, 87, 2, 1),
(435, 1, 15, 87, 2, 1),
(436, 1, 16, 87, -0.66, 1),
(437, 1, 17, 87, 2, 1),
(438, 1, 18, 87, -0.66, 1),
(439, 1, 19, 87, -0.66, 1),
(440, 1, 20, 87, 2, 1),
(441, 1, 1, 88, 2, 1),
(442, 1, 2, 88, -0.66, 1),
(443, 1, 3, 88, -0.66, 1),
(444, 1, 4, 88, -0.66, 1),
(445, 1, 5, 88, 2, 1),
(446, 1, 6, 88, 2, 1),
(447, 1, 7, 88, 2, 1),
(448, 1, 8, 88, 2, 1),
(449, 1, 9, 88, 2, 1),
(450, 1, 10, 88, 2, 1),
(451, 1, 11, 88, 2, 1),
(452, 1, 12, 88, 2, 1),
(453, 1, 13, 88, 2, 1),
(454, 1, 14, 88, 2, 1),
(455, 1, 15, 88, 2, 1),
(456, 1, 16, 88, 2, 1),
(457, 1, 17, 88, 2, 1),
(458, 1, 18, 88, 2, 1),
(459, 1, 19, 88, 2, 1),
(460, 1, 20, 88, 2, 1),
(461, 1, 1, 89, -0.66, 1),
(462, 1, 2, 89, -0.66, 1),
(463, 1, 3, 89, -0.66, 1),
(464, 1, 4, 89, 2, 1),
(465, 1, 5, 89, 2, 1),
(466, 1, 6, 89, -0.66, 1),
(467, 1, 7, 89, 2, 1),
(468, 1, 8, 89, -0.66, 1),
(469, 1, 9, 89, -0.66, 1),
(470, 1, 10, 89, 2, 1),
(471, 1, 11, 89, 2, 1),
(472, 1, 12, 89, -0.66, 1),
(473, 1, 13, 89, 2, 1),
(474, 1, 14, 89, -0.66, 1),
(475, 1, 15, 89, -0.66, 1),
(476, 1, 16, 89, -0.66, 1),
(477, 1, 17, 89, 2, 1),
(478, 1, 18, 89, -0.66, 1),
(479, 1, 19, 89, 2, 1),
(480, 1, 20, 89, -0.66, 1),
(481, 1, 1, 90, -0.66, 1),
(482, 1, 2, 90, 2, 1),
(483, 1, 3, 90, 2, 1),
(484, 1, 4, 90, -0.66, 1),
(485, 1, 5, 90, 2, 1),
(486, 1, 6, 90, 2, 1),
(487, 1, 7, 90, -0.66, 1),
(488, 1, 8, 90, 2, 1),
(489, 1, 9, 90, 2, 1),
(490, 1, 10, 90, -0.66, 1),
(491, 1, 11, 90, 2, 1),
(492, 1, 12, 90, 2, 1),
(493, 1, 13, 90, -0.66, 1),
(494, 1, 14, 90, -0.66, 1),
(495, 1, 15, 90, 2, 1),
(496, 1, 16, 90, 2, 1),
(497, 1, 17, 90, 2, 1),
(498, 1, 18, 90, 2, 1),
(499, 1, 19, 90, -0.66, 1),
(500, 1, 20, 90, 2, 1),
(501, 1, 1, 91, 2, 1),
(502, 1, 2, 91, -0.66, 1),
(503, 1, 3, 91, -0.66, 1),
(504, 1, 4, 91, -0.66, 1),
(505, 1, 5, 91, 2, 1),
(506, 1, 6, 91, 2, 1),
(507, 1, 7, 91, 2, 1),
(508, 1, 8, 91, 2, 1),
(509, 1, 9, 91, 2, 1),
(510, 1, 10, 91, 2, 1),
(511, 1, 11, 91, 2, 1),
(512, 1, 12, 91, 2, 1),
(513, 1, 13, 91, 2, 1),
(514, 1, 14, 91, 2, 1),
(515, 1, 15, 91, 2, 1),
(516, 1, 16, 91, 2, 1),
(517, 1, 17, 91, 2, 1),
(518, 1, 18, 91, 2, 1),
(519, 1, 19, 91, 2, 1),
(520, 1, 20, 91, 2, 1),
(521, 1, 1, 92, 2, 1),
(522, 1, 2, 92, 2, 1),
(523, 1, 3, 92, 2, 1),
(524, 1, 4, 92, 2, 1),
(525, 1, 5, 92, -0.66, 1),
(526, 1, 6, 92, 2, 1),
(527, 1, 7, 92, 2, 1),
(528, 1, 8, 92, -0.66, 1),
(529, 1, 9, 92, 2, 1),
(530, 1, 10, 92, 2, 1),
(531, 1, 11, 92, 2, 1),
(532, 1, 12, 92, 2, 1),
(533, 1, 13, 92, 2, 1),
(534, 1, 14, 92, 2, 1),
(535, 1, 15, 92, 2, 1),
(536, 1, 16, 92, 2, 1),
(537, 1, 17, 92, 2, 1),
(538, 1, 18, 92, 2, 1),
(539, 1, 19, 92, -0.66, 1),
(540, 1, 20, 92, 2, 1),
(541, 1, 1, 93, 0, 0),
(542, 1, 2, 93, 0, 0),
(543, 1, 3, 93, 2, 1),
(544, 1, 4, 93, 2, 1),
(545, 1, 5, 93, -0.66, 1),
(546, 1, 6, 93, 2, 1),
(547, 1, 7, 93, -0.66, 1),
(548, 1, 8, 93, -0.66, 1),
(549, 1, 9, 93, 2, 1),
(550, 1, 10, 93, -0.66, 1),
(551, 1, 11, 93, 0, 0),
(552, 1, 12, 93, 0, 0),
(553, 1, 13, 93, 2, 1),
(554, 1, 14, 93, 2, 1),
(555, 1, 15, 93, 2, 1),
(556, 1, 16, 93, -0.66, 1),
(557, 1, 17, 93, 2, 1),
(558, 1, 18, 93, -0.66, 1),
(559, 1, 19, 93, -0.66, 1),
(560, 1, 20, 93, 2, 1),
(561, 1, 1, 94, 2, 1),
(562, 1, 2, 94, 2, 1),
(563, 1, 3, 94, 2, 1),
(564, 1, 4, 94, 2, 1),
(565, 1, 5, 94, 2, 1),
(566, 1, 6, 94, 2, 1),
(567, 1, 7, 94, 2, 1),
(568, 1, 8, 94, 2, 1),
(569, 1, 9, 94, 2, 1),
(570, 1, 10, 94, 2, 1),
(571, 1, 11, 94, 2, 1),
(572, 1, 12, 94, 2, 1),
(573, 1, 13, 94, 2, 1),
(574, 1, 14, 94, 2, 1),
(575, 1, 15, 94, 2, 1),
(576, 1, 16, 94, 2, 1),
(577, 1, 17, 94, 2, 1),
(578, 1, 18, 94, 2, 1),
(579, 1, 19, 94, 2, 1),
(580, 1, 20, 94, 2, 1),
(581, 1, 1, 95, 2, 1),
(582, 1, 2, 95, 2, 1),
(583, 1, 3, 95, 2, 1),
(584, 1, 4, 95, 2, 1),
(585, 1, 5, 95, 2, 1),
(586, 1, 6, 95, 2, 1),
(587, 1, 7, 95, 2, 1),
(588, 1, 8, 95, 2, 1),
(589, 1, 9, 95, 2, 1),
(590, 1, 10, 95, 2, 1),
(591, 1, 11, 95, 2, 1),
(592, 1, 12, 95, 2, 1),
(593, 1, 13, 95, 2, 1),
(594, 1, 14, 95, 2, 1),
(595, 1, 15, 95, 2, 1),
(596, 1, 16, 95, 2, 1),
(597, 1, 17, 95, 2, 1),
(598, 1, 18, 95, 2, 1),
(599, 1, 19, 95, 2, 1),
(600, 1, 20, 95, 2, 1),
(601, 1, 1, 96, 2, 1),
(602, 1, 2, 96, -0.66, 1),
(603, 1, 3, 96, -0.66, 1),
(604, 1, 4, 96, -0.66, 1),
(605, 1, 5, 96, 2, 1),
(606, 1, 6, 96, 2, 1),
(607, 1, 7, 96, 2, 1),
(608, 1, 8, 96, 2, 1),
(609, 1, 9, 96, 2, 1),
(610, 1, 10, 96, 2, 1),
(611, 1, 11, 96, 2, 1),
(612, 1, 12, 96, 2, 1),
(613, 1, 13, 96, 2, 1),
(614, 1, 14, 96, 2, 1),
(615, 1, 15, 96, 2, 1),
(616, 1, 16, 96, 2, 1),
(617, 1, 17, 96, 2, 1),
(618, 1, 18, 96, 2, 1),
(619, 1, 19, 96, 2, 1),
(620, 1, 20, 96, 2, 1),
(621, 1, 1, 97, 2, 1),
(622, 1, 2, 97, 2, 1),
(623, 1, 3, 97, 2, 1),
(624, 1, 4, 97, 2, 1),
(625, 1, 5, 97, -0.66, 1),
(626, 1, 6, 97, 2, 1),
(627, 1, 7, 97, 2, 1),
(628, 1, 8, 97, -0.66, 1),
(629, 1, 9, 97, 2, 1),
(630, 1, 10, 97, 2, 1),
(631, 1, 11, 97, 2, 1),
(632, 1, 12, 97, 2, 1),
(633, 1, 13, 97, 2, 1),
(634, 1, 14, 97, 2, 1),
(635, 1, 15, 97, 2, 1),
(636, 1, 16, 97, 2, 1),
(637, 1, 17, 97, 2, 1),
(638, 1, 18, 97, 2, 1),
(639, 1, 19, 97, -0.66, 1),
(640, 1, 20, 97, 2, 1),
(641, 1, 1, 98, -0.66, 1),
(642, 1, 2, 98, 2, 1),
(643, 1, 3, 98, 2, 1),
(644, 1, 4, 98, -0.66, 1),
(645, 1, 5, 98, 2, 1),
(646, 1, 6, 98, 2, 1),
(647, 1, 7, 98, -0.66, 1),
(648, 1, 8, 98, 2, 1),
(649, 1, 9, 98, 2, 1),
(650, 1, 10, 98, -0.66, 1),
(651, 1, 11, 98, 2, 1),
(652, 1, 12, 98, 2, 1),
(653, 1, 13, 98, -0.66, 1),
(654, 1, 14, 98, -0.66, 1),
(655, 1, 15, 98, 2, 1),
(656, 1, 16, 98, 2, 1),
(657, 1, 17, 98, 2, 1),
(658, 1, 18, 98, 2, 1),
(659, 1, 19, 98, -0.66, 1),
(660, 1, 20, 98, 2, 1),
(661, 1, 1, 99, 2, 1),
(662, 1, 2, 99, 2, 1),
(663, 1, 3, 99, 2, 1),
(664, 1, 4, 99, 2, 1),
(665, 1, 5, 99, 2, 1),
(666, 1, 6, 99, 2, 1),
(667, 1, 7, 99, 2, 1),
(668, 1, 8, 99, 2, 1),
(669, 1, 9, 99, 2, 1),
(670, 1, 10, 99, 2, 1),
(671, 1, 11, 99, 2, 1),
(672, 1, 12, 99, 2, 1),
(673, 1, 13, 99, 2, 1),
(674, 1, 14, 99, 2, 1),
(675, 1, 15, 99, 2, 1),
(676, 1, 16, 99, 2, 1),
(677, 1, 17, 99, 2, 1),
(678, 1, 18, 99, 2, 1),
(679, 1, 19, 99, 2, 1),
(680, 1, 20, 99, 2, 1),
(681, 1, 1, 100, 2, 1),
(682, 1, 2, 100, 2, 1),
(683, 1, 3, 100, 2, 1),
(684, 1, 4, 100, 2, 1),
(685, 1, 5, 100, 2, 1),
(686, 1, 6, 100, 2, 1),
(687, 1, 7, 100, 2, 1),
(688, 1, 8, 100, 2, 1),
(689, 1, 9, 100, 2, 1),
(690, 1, 10, 100, 2, 1),
(691, 1, 11, 100, 2, 1),
(692, 1, 12, 100, 2, 1),
(693, 1, 13, 100, 2, 1),
(694, 1, 14, 100, 2, 1),
(695, 1, 15, 100, 2, 1),
(696, 1, 16, 100, 2, 1),
(697, 1, 17, 100, 2, 1),
(698, 1, 18, 100, 2, 1),
(699, 1, 19, 100, 2, 1),
(700, 1, 20, 100, 2, 1),
(701, 1, 1, 101, 2, 1),
(702, 1, 2, 101, -0.66, 1),
(703, 1, 3, 101, -0.66, 1),
(704, 1, 4, 101, -0.66, 1),
(705, 1, 5, 101, 2, 1),
(706, 1, 6, 101, 2, 1),
(707, 1, 7, 101, 2, 1),
(708, 1, 8, 101, 2, 1),
(709, 1, 9, 101, 2, 1),
(710, 1, 10, 101, 2, 1),
(711, 1, 11, 101, 2, 1),
(712, 1, 12, 101, 2, 1),
(713, 1, 13, 101, 2, 1),
(714, 1, 14, 101, 2, 1),
(715, 1, 15, 101, 2, 1),
(716, 1, 16, 101, 2, 1),
(717, 1, 17, 101, 2, 1),
(718, 1, 18, 101, 2, 1),
(719, 1, 19, 101, 2, 1),
(720, 1, 20, 101, 2, 1),
(721, 1, 1, 102, 2, 1),
(722, 1, 2, 102, 2, 1),
(723, 1, 3, 102, 2, 1),
(724, 1, 4, 102, 2, 1),
(725, 1, 5, 102, -0.66, 1),
(726, 1, 6, 102, 2, 1),
(727, 1, 7, 102, 2, 1),
(728, 1, 8, 102, -0.66, 1),
(729, 1, 9, 102, 2, 1),
(730, 1, 10, 102, 2, 1),
(731, 1, 11, 102, 2, 1),
(732, 1, 12, 102, 2, 1),
(733, 1, 13, 102, 2, 1),
(734, 1, 14, 102, 2, 1),
(735, 1, 15, 102, 2, 1),
(736, 1, 16, 102, 2, 1),
(737, 1, 17, 102, 2, 1),
(738, 1, 18, 102, 2, 1),
(739, 1, 19, 102, -0.66, 1),
(740, 1, 20, 102, 2, 1),
(741, 1, 1, 103, -0.66, 1),
(742, 1, 2, 103, 2, 1),
(743, 1, 3, 103, 2, 1),
(744, 1, 4, 103, -0.66, 1),
(745, 1, 5, 103, 2, 1),
(746, 1, 6, 103, 2, 1),
(747, 1, 7, 103, -0.66, 1),
(748, 1, 8, 103, 2, 1),
(749, 1, 9, 103, 2, 1),
(750, 1, 10, 103, -0.66, 1),
(751, 1, 11, 103, 2, 1),
(752, 1, 12, 103, 2, 1),
(753, 1, 13, 103, -0.66, 1),
(754, 1, 14, 103, -0.66, 1),
(755, 1, 15, 103, 2, 1),
(756, 1, 16, 103, 2, 1),
(757, 1, 17, 103, 2, 1),
(758, 1, 18, 103, 2, 1),
(759, 1, 19, 103, -0.66, 1),
(760, 1, 20, 103, 2, 1),
(761, 1, 1, 104, 2, 1),
(762, 1, 2, 104, 2, 1),
(763, 1, 3, 104, 2, 1),
(764, 1, 4, 104, 2, 1),
(765, 1, 5, 104, 2, 1),
(766, 1, 6, 104, 2, 1),
(767, 1, 7, 104, 2, 1),
(768, 1, 8, 104, 2, 1),
(769, 1, 9, 104, 2, 1),
(770, 1, 10, 104, 2, 1),
(771, 1, 11, 104, 2, 1),
(772, 1, 12, 104, 2, 1),
(773, 1, 13, 104, 2, 1),
(774, 1, 14, 104, 2, 1),
(775, 1, 15, 104, 2, 1),
(776, 1, 16, 104, 2, 1),
(777, 1, 17, 104, 2, 1),
(778, 1, 18, 104, 2, 1),
(779, 1, 19, 104, 2, 1),
(780, 1, 20, 104, 2, 1),
(781, 1, 1, 105, 2, 1),
(782, 1, 2, 105, 2, 1),
(783, 1, 3, 105, 2, 1),
(784, 1, 4, 105, 2, 1),
(785, 1, 5, 105, 2, 1),
(786, 1, 6, 105, 2, 1),
(787, 1, 7, 105, 2, 1),
(788, 1, 8, 105, 2, 1),
(789, 1, 9, 105, 2, 1),
(790, 1, 10, 105, 2, 1),
(791, 1, 11, 105, 2, 1),
(792, 1, 12, 105, 2, 1),
(793, 1, 13, 105, 2, 1),
(794, 1, 14, 105, 2, 1),
(795, 1, 15, 105, 2, 1),
(796, 1, 16, 105, 2, 1),
(797, 1, 17, 105, 2, 1),
(798, 1, 18, 105, 2, 1),
(799, 1, 19, 105, 2, 1),
(800, 1, 20, 105, 2, 1),
(801, 1, 1, 106, 2, 1),
(802, 1, 2, 106, 2, 1),
(803, 1, 3, 106, 2, 1),
(804, 1, 4, 106, 2, 1),
(805, 1, 5, 106, 2, 1),
(806, 1, 6, 106, 2, 1),
(807, 1, 7, 106, 2, 1),
(808, 1, 8, 106, 2, 1),
(809, 1, 9, 106, 2, 1),
(810, 1, 10, 106, 2, 1),
(811, 1, 11, 106, 2, 1),
(812, 1, 12, 106, 2, 1),
(813, 1, 13, 106, 2, 1),
(814, 1, 14, 106, 2, 1),
(815, 1, 15, 106, 2, 1),
(816, 1, 16, 106, 2, 1),
(817, 1, 17, 106, 2, 1),
(818, 1, 18, 106, 2, 1),
(819, 1, 19, 106, 2, 1),
(820, 1, 20, 106, 2, 1),
(821, 1, 1, 107, 2, 1),
(822, 1, 2, 107, 2, 1),
(823, 1, 3, 107, 2, 1),
(824, 1, 4, 107, 2, 1),
(825, 1, 5, 107, 2, 1),
(826, 1, 6, 107, 2, 1),
(827, 1, 7, 107, 2, 1),
(828, 1, 8, 107, 2, 1),
(829, 1, 9, 107, 2, 1),
(830, 1, 10, 107, 2, 1),
(831, 1, 11, 107, 2, 1),
(832, 1, 12, 107, 2, 1),
(833, 1, 13, 107, 2, 1),
(834, 1, 14, 107, 2, 1),
(835, 1, 15, 107, 2, 1),
(836, 1, 16, 107, 2, 1),
(837, 1, 17, 107, 2, 1),
(838, 1, 18, 107, 2, 1),
(839, 1, 19, 107, 2, 1),
(840, 1, 20, 107, 2, 1),
(841, 1, 1, 108, 2, 1),
(842, 1, 2, 108, 2, 1),
(843, 1, 3, 108, 2, 1),
(844, 1, 4, 108, 2, 1),
(845, 1, 5, 108, 2, 1),
(846, 1, 6, 108, 2, 1),
(847, 1, 7, 108, 2, 1),
(848, 1, 8, 108, 2, 1),
(849, 1, 9, 108, 2, 1),
(850, 1, 10, 108, 2, 1),
(851, 1, 11, 108, 2, 1),
(852, 1, 12, 108, 2, 1),
(853, 1, 13, 108, 2, 1),
(854, 1, 14, 108, 2, 1),
(855, 1, 15, 108, 2, 1),
(856, 1, 16, 108, 2, 1),
(857, 1, 17, 108, 2, 1),
(858, 1, 18, 108, 2, 1),
(859, 1, 19, 108, 2, 1),
(860, 1, 20, 108, 2, 1),
(861, 1, 1, 109, 2, 1),
(862, 1, 2, 109, 2, 1),
(863, 1, 3, 109, 2, 1),
(864, 1, 4, 109, 2, 1),
(865, 1, 5, 109, 2, 1),
(866, 1, 6, 109, 2, 1),
(867, 1, 7, 109, 2, 1),
(868, 1, 8, 109, -0.66, 1),
(869, 1, 9, 109, 2, 1),
(870, 1, 10, 109, 2, 1),
(871, 1, 11, 109, 2, 1),
(872, 1, 12, 109, 2, 1),
(873, 1, 13, 109, 2, 1),
(874, 1, 14, 109, 2, 1),
(875, 1, 15, 109, 2, 1),
(876, 1, 16, 109, 2, 1),
(877, 1, 17, 109, 2, 1),
(878, 1, 18, 109, 2, 1),
(879, 1, 19, 109, 2, 1),
(880, 1, 20, 109, 2, 1),
(881, 1, 1, 110, 2, 1),
(882, 1, 2, 110, 2, 1),
(883, 1, 3, 110, 2, 1),
(884, 1, 4, 110, 2, 1),
(885, 1, 5, 110, 2, 1),
(886, 1, 6, 110, 2, 1),
(887, 1, 7, 110, 2, 1),
(888, 1, 8, 110, -0.66, 1),
(889, 1, 9, 110, 2, 1),
(890, 1, 10, 110, 2, 1),
(891, 1, 11, 110, 2, 1),
(892, 1, 12, 110, 2, 1),
(893, 1, 13, 110, 2, 1),
(894, 1, 14, 110, 2, 1),
(895, 1, 15, 110, 2, 1),
(896, 1, 16, 110, 2, 1),
(897, 1, 17, 110, 2, 1),
(898, 1, 18, 110, 2, 1),
(899, 1, 19, 110, 2, 1),
(900, 1, 20, 110, 2, 1),
(901, 1, 1, 111, 2, 1),
(902, 1, 2, 111, 2, 1),
(903, 1, 3, 111, 2, 1),
(904, 1, 4, 111, 2, 1),
(905, 1, 5, 111, 2, 1),
(906, 1, 6, 111, 2, 1),
(907, 1, 7, 111, 2, 1),
(908, 1, 8, 111, 2, 1),
(909, 1, 9, 111, 2, 1),
(910, 1, 10, 111, 2, 1),
(911, 1, 11, 111, 2, 1),
(912, 1, 12, 111, 2, 1),
(913, 1, 13, 111, 2, 1),
(914, 1, 14, 111, 2, 1),
(915, 1, 15, 111, 2, 1),
(916, 1, 16, 111, 2, 1),
(917, 1, 17, 111, 2, 1),
(918, 1, 18, 111, 2, 1),
(919, 1, 19, 111, 2, 1),
(920, 1, 20, 111, 2, 1),
(921, 1, 1, 112, 2, 1),
(922, 1, 2, 112, 2, 1),
(923, 1, 3, 112, 2, 1),
(924, 1, 4, 112, 2, 1),
(925, 1, 5, 112, 2, 1),
(926, 1, 6, 112, 2, 1),
(927, 1, 7, 112, 2, 1),
(928, 1, 8, 112, 2, 1),
(929, 1, 9, 112, 2, 1),
(930, 1, 10, 112, 2, 1),
(931, 1, 11, 112, 2, 1),
(932, 1, 12, 112, 2, 1),
(933, 1, 13, 112, 2, 1),
(934, 1, 14, 112, 2, 1),
(935, 1, 15, 112, 2, 1),
(936, 1, 16, 112, 2, 1),
(937, 1, 17, 112, 2, 1),
(938, 1, 18, 112, 2, 1),
(939, 1, 19, 112, 2, 1),
(940, 1, 20, 112, 2, 1),
(941, 1, 1, 113, 2, 1),
(942, 1, 2, 113, 2, 1),
(943, 1, 3, 113, 2, 1),
(944, 1, 4, 113, 2, 1),
(945, 1, 5, 113, 2, 1),
(946, 1, 6, 113, 2, 1),
(947, 1, 7, 113, 2, 1),
(948, 1, 8, 113, 2, 1),
(949, 1, 9, 113, 2, 1),
(950, 1, 10, 113, 2, 1),
(951, 1, 11, 113, 2, 1),
(952, 1, 12, 113, 2, 1),
(953, 1, 13, 113, 2, 1),
(954, 1, 14, 113, 2, 1),
(955, 1, 15, 113, 2, 1),
(956, 1, 16, 113, 2, 1),
(957, 1, 17, 113, 2, 1),
(958, 1, 18, 113, 2, 1),
(959, 1, 19, 113, 2, 1),
(960, 1, 20, 113, 2, 1),
(961, 1, 1, 114, 2, 1),
(962, 1, 2, 114, 2, 1),
(963, 1, 3, 114, 2, 1),
(964, 1, 4, 114, 2, 1),
(965, 1, 5, 114, 2, 1),
(966, 1, 6, 114, 2, 1),
(967, 1, 7, 114, 2, 1),
(968, 1, 8, 114, 2, 1),
(969, 1, 9, 114, 2, 1),
(970, 1, 10, 114, 2, 1),
(971, 1, 11, 114, 2, 1),
(972, 1, 12, 114, 2, 1),
(973, 1, 13, 114, 2, 1),
(974, 1, 14, 114, 2, 1),
(975, 1, 15, 114, 2, 1),
(976, 1, 16, 114, 2, 1),
(977, 1, 17, 114, 2, 1),
(978, 1, 18, 114, 2, 1),
(979, 1, 19, 114, 2, 1),
(980, 1, 20, 114, 2, 1),
(981, 2, 21, 18, 2, 1),
(982, 2, 22, 18, 2, 1),
(983, 2, 23, 18, 2, 1),
(984, 2, 24, 18, 2, 1),
(985, 2, 25, 18, 2, 1),
(986, 2, 26, 18, 2, 1),
(987, 2, 27, 18, 2, 1),
(988, 2, 28, 18, 2, 1),
(989, 2, 29, 18, 2, 1),
(990, 2, 30, 18, 2, 1),
(991, 2, 31, 18, 2, 1),
(992, 2, 32, 18, 2, 1),
(993, 2, 33, 18, 2, 1),
(994, 2, 34, 18, 2, 1),
(995, 2, 35, 18, 2, 1),
(996, 2, 36, 18, 2, 1),
(997, 2, 37, 18, 2, 1),
(998, 2, 38, 18, 2, 1),
(999, 2, 39, 18, 2, 1),
(1000, 2, 40, 18, 2, 1),
(1001, 2, 21, 19, 2, 1),
(1002, 2, 22, 19, 2, 1),
(1003, 2, 23, 19, 2, 1),
(1004, 2, 24, 19, 2, 1),
(1005, 2, 25, 19, 2, 1),
(1006, 2, 26, 19, 2, 1),
(1007, 2, 27, 19, 2, 1),
(1008, 2, 28, 19, 2, 1),
(1009, 2, 29, 19, 2, 1),
(1010, 2, 30, 19, 2, 1),
(1011, 2, 31, 19, 2, 1),
(1012, 2, 32, 19, 2, 1),
(1013, 2, 33, 19, 2, 1),
(1014, 2, 34, 19, 2, 1),
(1015, 2, 35, 19, 2, 1),
(1016, 2, 36, 19, 2, 1),
(1017, 2, 37, 19, 2, 1),
(1018, 2, 38, 19, 2, 1),
(1019, 2, 39, 19, 2, 1),
(1020, 2, 40, 19, 2, 1),
(1021, 2, 21, 20, 2, 1),
(1022, 2, 22, 20, 2, 1),
(1023, 2, 23, 20, 2, 1),
(1024, 2, 24, 20, 2, 1),
(1025, 2, 25, 20, 2, 1),
(1026, 2, 26, 20, 2, 1),
(1027, 2, 27, 20, 2, 1),
(1028, 2, 28, 20, 2, 1),
(1029, 2, 29, 20, 2, 1),
(1030, 2, 30, 20, 2, 1),
(1031, 2, 31, 20, 2, 1),
(1032, 2, 32, 20, 2, 1),
(1033, 2, 33, 20, 2, 1),
(1034, 2, 34, 20, 2, 1),
(1035, 2, 35, 20, 2, 1),
(1036, 2, 36, 20, 2, 1),
(1037, 2, 37, 20, 2, 1),
(1038, 2, 38, 20, 2, 1),
(1039, 2, 39, 20, 2, 1),
(1040, 2, 40, 20, 2, 1),
(1041, 2, 21, 21, 2, 1),
(1042, 2, 22, 21, 2, 1),
(1043, 2, 23, 21, 2, 1),
(1044, 2, 24, 21, 2, 1),
(1045, 2, 25, 21, 2, 1),
(1046, 2, 26, 21, 2, 1),
(1047, 2, 27, 21, 2, 1),
(1048, 2, 28, 21, 2, 1),
(1049, 2, 29, 21, 2, 1),
(1050, 2, 30, 21, 2, 1),
(1051, 2, 31, 21, 2, 1),
(1052, 2, 32, 21, 2, 1),
(1053, 2, 33, 21, 2, 1),
(1054, 2, 34, 21, 2, 1),
(1055, 2, 35, 21, 2, 1),
(1056, 2, 36, 21, 2, 1),
(1057, 2, 37, 21, 2, 1),
(1058, 2, 38, 21, 2, 1),
(1059, 2, 39, 21, 2, 1),
(1060, 2, 40, 21, 2, 1),
(1061, 2, 21, 22, 2, 1),
(1062, 2, 22, 22, 2, 1),
(1063, 2, 23, 22, 2, 1),
(1064, 2, 24, 22, 2, 1),
(1065, 2, 25, 22, 2, 1),
(1066, 2, 26, 22, 2, 1),
(1067, 2, 27, 22, 2, 1),
(1068, 2, 28, 22, 2, 1),
(1069, 2, 29, 22, 2, 1),
(1070, 2, 30, 22, 2, 1),
(1071, 2, 31, 22, -1, 1),
(1072, 2, 32, 22, 2, 1),
(1073, 2, 33, 22, 2, 1),
(1074, 2, 34, 22, 2, 1),
(1075, 2, 35, 22, 2, 1),
(1076, 2, 36, 22, 2, 1),
(1077, 2, 37, 22, 2, 1),
(1078, 2, 38, 22, 2, 1),
(1079, 2, 39, 22, -1, 1),
(1080, 2, 40, 22, -1, 1),
(1081, 2, 21, 23, 2, 1),
(1082, 2, 22, 23, 2, 1),
(1083, 2, 23, 23, 2, 1),
(1084, 2, 24, 23, 2, 1),
(1085, 2, 25, 23, 2, 1),
(1086, 2, 26, 23, 2, 1),
(1087, 2, 27, 23, 2, 1),
(1088, 2, 28, 23, 2, 1),
(1089, 2, 29, 23, 2, 1),
(1090, 2, 30, 23, 2, 1),
(1091, 2, 31, 23, -1, 1),
(1092, 2, 32, 23, 2, 1),
(1093, 2, 33, 23, 2, 1),
(1094, 2, 34, 23, 2, 1),
(1095, 2, 35, 23, 2, 1),
(1096, 2, 36, 23, 2, 1),
(1097, 2, 37, 23, 2, 1),
(1098, 2, 38, 23, 2, 1),
(1099, 2, 39, 23, -1, 1),
(1100, 2, 40, 23, -1, 1),
(1101, 2, 21, 24, 2, 1),
(1102, 2, 22, 24, 2, 1),
(1103, 2, 23, 24, 2, 1),
(1104, 2, 24, 24, 2, 1),
(1105, 2, 25, 24, 2, 1),
(1106, 2, 26, 24, 2, 1),
(1107, 2, 27, 24, 2, 1),
(1108, 2, 28, 24, 2, 1),
(1109, 2, 29, 24, 2, 1),
(1110, 2, 30, 24, 2, 1),
(1111, 2, 31, 24, 2, 1),
(1112, 2, 32, 24, 2, 1),
(1113, 2, 33, 24, 2, 1),
(1114, 2, 34, 24, 0, 0),
(1115, 2, 35, 24, 2, 1),
(1116, 2, 36, 24, 2, 1),
(1117, 2, 37, 24, 2, 1),
(1118, 2, 38, 24, 2, 1),
(1119, 2, 39, 24, 2, 1),
(1120, 2, 40, 24, 0, 0),
(1121, 2, 21, 25, 2, 1),
(1122, 2, 22, 25, 2, 1),
(1123, 2, 23, 25, 2, 1),
(1124, 2, 24, 25, 2, 1),
(1125, 2, 25, 25, 2, 1),
(1126, 2, 26, 25, 2, 1),
(1127, 2, 27, 25, 2, 1),
(1128, 2, 28, 25, 2, 1),
(1129, 2, 29, 25, 2, 1),
(1130, 2, 30, 25, 2, 1),
(1131, 2, 31, 25, 2, 1),
(1132, 2, 32, 25, 2, 1),
(1133, 2, 33, 25, 2, 1),
(1134, 2, 34, 25, 0, 0),
(1135, 2, 35, 25, 2, 1),
(1136, 2, 36, 25, 2, 1),
(1137, 2, 37, 25, 2, 1),
(1138, 2, 38, 25, 2, 1),
(1139, 2, 39, 25, 2, 1),
(1140, 2, 40, 25, 0, 0),
(1141, 2, 21, 26, 2, 1),
(1142, 2, 22, 26, 2, 1),
(1143, 2, 23, 26, 2, 1),
(1144, 2, 24, 26, 2, 1),
(1145, 2, 25, 26, 2, 1),
(1146, 2, 26, 26, 2, 1),
(1147, 2, 27, 26, -1, 1),
(1148, 2, 28, 26, 2, 1),
(1149, 2, 29, 26, 2, 1),
(1150, 2, 30, 26, 2, 1),
(1151, 2, 31, 26, 2, 1),
(1152, 2, 32, 26, 2, 1),
(1153, 2, 33, 26, 2, 1),
(1154, 2, 34, 26, 2, 1),
(1155, 2, 35, 26, 2, 1),
(1156, 2, 36, 26, 2, 1),
(1157, 2, 37, 26, 2, 1),
(1158, 2, 38, 26, 2, 1),
(1159, 2, 39, 26, 2, 1),
(1160, 2, 40, 26, 2, 1),
(1161, 2, 21, 27, 2, 1),
(1162, 2, 22, 27, 2, 1),
(1163, 2, 23, 27, 2, 1),
(1164, 2, 24, 27, 2, 1),
(1165, 2, 25, 27, 2, 1),
(1166, 2, 26, 27, 2, 1),
(1167, 2, 27, 27, -1, 1),
(1168, 2, 28, 27, 2, 1),
(1169, 2, 29, 27, 2, 1),
(1170, 2, 30, 27, 2, 1),
(1171, 2, 31, 27, 2, 1),
(1172, 2, 32, 27, 2, 1),
(1173, 2, 33, 27, 2, 1),
(1174, 2, 34, 27, 2, 1),
(1175, 2, 35, 27, 2, 1),
(1176, 2, 36, 27, 2, 1),
(1177, 2, 37, 27, 2, 1),
(1178, 2, 38, 27, 2, 1),
(1179, 2, 39, 27, 2, 1),
(1180, 2, 40, 27, 2, 1),
(1181, 2, 21, 28, 2, 1),
(1182, 2, 22, 28, 2, 1),
(1183, 2, 23, 28, 2, 1),
(1184, 2, 24, 28, 2, 1),
(1185, 2, 25, 28, 2, 1),
(1186, 2, 26, 28, 2, 1),
(1187, 2, 27, 28, -1, 1),
(1188, 2, 28, 28, 2, 1),
(1189, 2, 29, 28, 2, 1),
(1190, 2, 30, 28, 2, 1),
(1191, 2, 31, 28, 2, 1),
(1192, 2, 32, 28, 2, 1),
(1193, 2, 33, 28, 2, 1),
(1194, 2, 34, 28, 2, 1),
(1195, 2, 35, 28, 2, 1),
(1196, 2, 36, 28, 2, 1),
(1197, 2, 37, 28, 2, 1),
(1198, 2, 38, 28, 2, 1),
(1199, 2, 39, 28, 2, 1),
(1200, 2, 40, 28, 2, 1),
(1201, 2, 21, 29, 2, 1),
(1202, 2, 22, 29, 2, 1),
(1203, 2, 23, 29, 2, 1),
(1204, 2, 24, 29, 2, 1),
(1205, 2, 25, 29, 2, 1),
(1206, 2, 26, 29, 2, 1),
(1207, 2, 27, 29, 2, 1),
(1208, 2, 28, 29, 2, 1),
(1209, 2, 29, 29, 2, 1),
(1210, 2, 30, 29, 2, 1),
(1211, 2, 31, 29, -1, 1),
(1212, 2, 32, 29, 0, 0),
(1213, 2, 33, 29, 2, 1),
(1214, 2, 34, 29, 2, 1),
(1215, 2, 35, 29, 2, 1),
(1216, 2, 36, 29, 2, 1),
(1217, 2, 37, 29, 2, 1),
(1218, 2, 38, 29, 2, 1),
(1219, 2, 39, 29, 2, 1),
(1220, 2, 40, 29, 2, 1),
(1221, 2, 21, 30, 2, 1),
(1222, 2, 22, 30, 2, 1),
(1223, 2, 23, 30, 2, 1),
(1224, 2, 24, 30, 2, 1),
(1225, 2, 25, 30, 2, 1),
(1226, 2, 26, 30, 2, 1),
(1227, 2, 27, 30, 2, 1),
(1228, 2, 28, 30, 2, 1),
(1229, 2, 29, 30, 2, 1),
(1230, 2, 30, 30, 2, 1),
(1231, 2, 31, 30, 2, 1),
(1232, 2, 32, 30, 2, 1),
(1233, 2, 33, 30, 2, 1),
(1234, 2, 34, 30, 2, 1),
(1235, 2, 35, 30, 2, 1),
(1236, 2, 36, 30, 2, 1),
(1237, 2, 37, 30, 2, 1),
(1238, 2, 38, 30, 2, 1),
(1239, 2, 39, 30, 2, 1),
(1240, 2, 40, 30, 2, 1),
(1241, 2, 21, 31, 2, 1),
(1242, 2, 22, 31, 2, 1),
(1243, 2, 23, 31, 2, 1),
(1244, 2, 24, 31, 2, 1),
(1245, 2, 25, 31, 2, 1),
(1246, 2, 26, 31, 2, 1),
(1247, 2, 27, 31, 2, 1),
(1248, 2, 28, 31, 2, 1),
(1249, 2, 29, 31, 2, 1),
(1250, 2, 30, 31, 2, 1),
(1251, 2, 31, 31, 2, 1),
(1252, 2, 32, 31, 2, 1),
(1253, 2, 33, 31, 2, 1),
(1254, 2, 34, 31, 2, 1),
(1255, 2, 35, 31, 2, 1),
(1256, 2, 36, 31, 2, 1),
(1257, 2, 37, 31, 2, 1),
(1258, 2, 38, 31, 2, 1),
(1259, 2, 39, 31, 2, 1),
(1260, 2, 40, 31, 2, 1),
(1261, 2, 21, 32, 2, 1),
(1262, 2, 22, 32, 2, 1),
(1263, 2, 23, 32, 2, 1),
(1264, 2, 24, 32, 2, 1),
(1265, 2, 25, 32, 2, 1),
(1266, 2, 26, 32, 2, 1),
(1267, 2, 27, 32, 2, 1),
(1268, 2, 28, 32, 2, 1),
(1269, 2, 29, 32, 2, 1),
(1270, 2, 30, 32, 2, 1),
(1271, 2, 31, 32, 2, 1),
(1272, 2, 32, 32, 2, 1),
(1273, 2, 33, 32, 2, 1),
(1274, 2, 34, 32, 2, 1),
(1275, 2, 35, 32, 2, 1),
(1276, 2, 36, 32, 2, 1),
(1277, 2, 37, 32, 2, 1),
(1278, 2, 38, 32, 2, 1),
(1279, 2, 39, 32, 2, 1),
(1280, 2, 40, 32, 2, 1),
(1281, 2, 21, 33, 2, 1),
(1282, 2, 22, 33, 2, 1),
(1283, 2, 23, 33, 2, 1),
(1284, 2, 24, 33, 2, 1),
(1285, 2, 25, 33, 2, 1),
(1286, 2, 26, 33, 2, 1),
(1287, 2, 27, 33, 2, 1),
(1288, 2, 28, 33, 2, 1),
(1289, 2, 29, 33, 2, 1),
(1290, 2, 30, 33, 2, 1),
(1291, 2, 31, 33, 2, 1),
(1292, 2, 32, 33, 2, 1),
(1293, 2, 33, 33, 2, 1),
(1294, 2, 34, 33, 2, 1),
(1295, 2, 35, 33, 2, 1),
(1296, 2, 36, 33, 2, 1),
(1297, 2, 37, 33, 2, 1),
(1298, 2, 38, 33, 2, 1),
(1299, 2, 39, 33, 2, 1),
(1300, 2, 40, 33, 2, 1),
(1301, 2, 21, 34, 2, 1),
(1302, 2, 22, 34, 2, 1),
(1303, 2, 23, 34, 2, 1),
(1304, 2, 24, 34, 2, 1),
(1305, 2, 25, 34, 2, 1),
(1306, 2, 26, 34, 2, 1),
(1307, 2, 27, 34, -1, 1),
(1308, 2, 28, 34, 0, 0),
(1309, 2, 29, 34, -1, 1),
(1310, 2, 30, 34, 2, 1),
(1311, 2, 31, 34, 2, 1),
(1312, 2, 32, 34, 2, 1),
(1313, 2, 33, 34, 0, 0),
(1314, 2, 34, 34, 2, 1),
(1315, 2, 35, 34, 2, 1),
(1316, 2, 36, 34, 0, 0),
(1317, 2, 37, 34, 2, 1),
(1318, 2, 38, 34, 2, 1),
(1319, 2, 39, 34, 2, 1),
(1320, 2, 40, 34, 0, 0),
(1321, 2, 21, 35, 2, 1),
(1322, 2, 22, 35, 2, 1),
(1323, 2, 23, 35, 2, 1),
(1324, 2, 24, 35, 2, 1),
(1325, 2, 25, 35, 2, 1),
(1326, 2, 26, 35, 2, 1),
(1327, 2, 27, 35, -1, 1),
(1328, 2, 28, 35, 0, 0),
(1329, 2, 29, 35, -1, 1),
(1330, 2, 30, 35, 2, 1),
(1331, 2, 31, 35, 2, 1),
(1332, 2, 32, 35, 2, 1),
(1333, 2, 33, 35, 0, 0),
(1334, 2, 34, 35, 2, 1),
(1335, 2, 35, 35, 2, 1),
(1336, 2, 36, 35, 0, 0),
(1337, 2, 37, 35, 2, 1),
(1338, 2, 38, 35, 2, 1),
(1339, 2, 39, 35, 2, 1),
(1340, 2, 40, 35, 0, 0),
(1341, 2, 21, 36, 2, 1),
(1342, 2, 22, 36, 2, 1),
(1343, 2, 23, 36, 2, 1),
(1344, 2, 24, 36, 0, 0),
(1345, 2, 25, 36, 2, 1),
(1346, 2, 26, 36, 2, 1),
(1347, 2, 27, 36, -1, 1),
(1348, 2, 28, 36, 0, 0),
(1349, 2, 29, 36, -1, 1),
(1350, 2, 30, 36, 2, 1),
(1351, 2, 31, 36, 2, 1),
(1352, 2, 32, 36, 2, 1),
(1353, 2, 33, 36, 0, 0),
(1354, 2, 34, 36, 2, 1),
(1355, 2, 35, 36, 2, 1),
(1356, 2, 36, 36, 0, 0),
(1357, 2, 37, 36, 2, 1),
(1358, 2, 38, 36, 2, 1),
(1359, 2, 39, 36, 2, 1),
(1360, 2, 40, 36, 0, 0),
(1361, 2, 21, 37, 2, 1),
(1362, 2, 22, 37, 2, 1),
(1363, 2, 23, 37, 2, 1),
(1364, 2, 24, 37, 0, 0),
(1365, 2, 25, 37, 2, 1),
(1366, 2, 26, 37, 2, 1),
(1367, 2, 27, 37, -1, 1),
(1368, 2, 28, 37, 0, 0),
(1369, 2, 29, 37, -1, 1),
(1370, 2, 30, 37, 2, 1),
(1371, 2, 31, 37, 2, 1),
(1372, 2, 32, 37, 2, 1),
(1373, 2, 33, 37, 0, 0),
(1374, 2, 34, 37, 2, 1),
(1375, 2, 35, 37, 2, 1),
(1376, 2, 36, 37, 0, 0),
(1377, 2, 37, 37, 2, 1),
(1378, 2, 38, 37, 2, 1),
(1379, 2, 39, 37, 2, 1),
(1380, 2, 40, 37, 0, 0),
(1381, 2, 21, 38, 2, 1),
(1382, 2, 22, 38, 2, 1),
(1383, 2, 23, 38, 2, 1),
(1384, 2, 24, 38, 2, 1),
(1385, 2, 25, 38, 2, 1),
(1386, 2, 26, 38, 0, 0),
(1387, 2, 27, 38, 0, 0),
(1388, 2, 28, 38, 0, 0),
(1389, 2, 29, 38, 0, 0),
(1390, 2, 30, 38, 0, 0),
(1391, 2, 31, 38, -1, 1),
(1392, 2, 32, 38, -1, 1),
(1393, 2, 33, 38, -1, 1),
(1394, 2, 34, 38, -1, 1),
(1395, 2, 35, 38, 2, 1),
(1396, 2, 36, 38, 2, 1),
(1397, 2, 37, 38, 2, 1),
(1398, 2, 38, 38, 2, 1),
(1399, 2, 39, 38, 2, 1),
(1400, 2, 40, 38, 2, 1),
(1401, 2, 21, 39, 2, 1),
(1402, 2, 22, 39, 2, 1),
(1403, 2, 23, 39, 2, 1),
(1404, 2, 24, 39, 2, 1),
(1405, 2, 25, 39, 2, 1),
(1406, 2, 26, 39, 2, 1),
(1407, 2, 27, 39, 2, 1),
(1408, 2, 28, 39, 2, 1),
(1409, 2, 29, 39, 2, 1),
(1410, 2, 30, 39, 2, 1),
(1411, 2, 31, 39, 2, 1),
(1412, 2, 32, 39, 2, 1),
(1413, 2, 33, 39, 2, 1),
(1414, 2, 34, 39, 2, 1),
(1415, 2, 35, 39, 2, 1),
(1416, 2, 36, 39, 2, 1),
(1417, 2, 37, 39, 2, 1),
(1418, 2, 38, 39, 2, 1),
(1419, 2, 39, 39, 2, 1),
(1420, 2, 40, 39, 2, 1),
(1421, 2, 21, 40, 2, 1),
(1422, 2, 22, 40, 2, 1),
(1423, 2, 23, 40, 2, 1),
(1424, 2, 24, 40, 2, 1),
(1425, 2, 25, 40, 2, 1),
(1426, 2, 26, 40, 2, 1),
(1427, 2, 27, 40, 2, 1),
(1428, 2, 28, 40, 2, 1),
(1429, 2, 29, 40, 2, 1),
(1430, 2, 30, 40, 2, 1),
(1431, 2, 31, 40, 2, 1),
(1432, 2, 32, 40, 2, 1),
(1433, 2, 33, 40, 2, 1),
(1434, 2, 34, 40, 2, 1),
(1435, 2, 35, 40, 2, 1),
(1436, 2, 36, 40, 2, 1),
(1437, 2, 37, 40, 2, 1),
(1438, 2, 38, 40, 2, 1),
(1439, 2, 39, 40, 2, 1),
(1440, 2, 40, 40, 2, 1),
(1441, 3, 49, 115, 2, 1),
(1442, 3, 50, 115, -1, 1),
(1443, 3, 51, 115, 0, 0),
(1444, 3, 52, 115, 2, 1),
(1445, 3, 53, 115, 0, 0),
(1446, 3, 54, 115, -1, 1),
(1447, 3, 55, 115, 0, 0),
(1448, 3, 56, 115, 2, 1),
(1449, 3, 57, 115, 0, 0),
(1450, 3, 58, 115, 2, 1),
(1451, 3, 59, 115, 0, 0),
(1452, 3, 60, 115, 2, 1),
(1453, 3, 61, 115, 0, 0),
(1454, 3, 62, 115, 0, 0),
(1455, 3, 63, 115, 0, 0),
(1456, 3, 64, 115, 2, 1),
(1457, 3, 65, 115, 0, 0),
(1458, 3, 66, 115, 0, 0),
(1459, 3, 67, 115, 0, 0),
(1460, 3, 68, 115, 0, 0),
(1461, 3, 49, 116, 2, 1),
(1462, 3, 50, 116, 2, 1),
(1463, 3, 51, 116, 2, 1),
(1464, 3, 52, 116, 2, 1),
(1465, 3, 53, 116, 2, 1),
(1466, 3, 54, 116, 2, 1),
(1467, 3, 55, 116, 2, 1),
(1468, 3, 56, 116, 2, 1),
(1469, 3, 57, 116, 2, 1),
(1470, 3, 58, 116, 2, 1),
(1471, 3, 59, 116, 2, 1),
(1472, 3, 60, 116, 2, 1),
(1473, 3, 61, 116, 2, 1),
(1474, 3, 62, 116, 2, 1),
(1475, 3, 63, 116, 2, 1),
(1476, 3, 64, 116, 2, 1),
(1477, 3, 65, 116, 2, 1),
(1478, 3, 66, 116, 2, 1),
(1479, 3, 67, 116, 2, 1),
(1480, 3, 68, 116, 2, 1),
(1481, 3, 49, 117, 2, 1),
(1482, 3, 50, 117, -1, 1),
(1483, 3, 51, 117, 2, 1),
(1484, 3, 52, 117, -1, 1),
(1485, 3, 53, 117, 0, 0),
(1486, 3, 54, 117, 2, 1),
(1487, 3, 55, 117, 2, 1),
(1488, 3, 56, 117, 0, 0),
(1489, 3, 57, 117, -1, 1),
(1490, 3, 58, 117, 0, 0),
(1491, 3, 59, 117, 2, 1),
(1492, 3, 60, 117, 2, 1),
(1493, 3, 61, 117, 0, 0),
(1494, 3, 62, 117, 0, 0),
(1495, 3, 63, 117, 2, 1),
(1496, 3, 64, 117, 2, 1),
(1497, 3, 65, 117, -1, 1),
(1498, 3, 66, 117, -1, 1),
(1499, 3, 67, 117, 0, 0),
(1500, 3, 68, 117, 0, 0),
(1501, 3, 49, 118, 2, 1),
(1502, 3, 50, 118, 0, 0),
(1503, 3, 51, 118, 2, 1),
(1504, 3, 52, 118, 2, 1),
(1505, 3, 53, 118, 2, 1),
(1506, 3, 54, 118, 2, 1),
(1507, 3, 55, 118, 2, 1),
(1508, 3, 56, 118, 2, 1),
(1509, 3, 57, 118, 2, 1),
(1510, 3, 58, 118, 2, 1),
(1511, 3, 59, 118, 2, 1),
(1512, 3, 60, 118, 2, 1),
(1513, 3, 61, 118, 2, 1),
(1514, 3, 62, 118, 2, 1),
(1515, 3, 63, 118, 2, 1),
(1516, 3, 64, 118, 2, 1),
(1517, 3, 65, 118, 2, 1),
(1518, 3, 66, 118, 2, 1),
(1519, 3, 67, 118, 2, 1),
(1520, 3, 68, 118, 0, 0),
(1521, 3, 49, 119, 0, 1),
(1522, 3, 50, 119, 0, 0),
(1523, 3, 51, 119, 2, 1),
(1524, 3, 52, 119, 0, 0),
(1525, 3, 53, 119, 0, 0),
(1526, 3, 54, 119, 0, 0),
(1527, 3, 55, 119, 0, 0),
(1528, 3, 56, 119, 2, 1),
(1529, 3, 57, 119, 0, 0),
(1530, 3, 58, 119, 0, 0),
(1531, 3, 59, 119, 0, 0),
(1532, 3, 60, 119, 0, 0),
(1533, 3, 61, 119, 0, 0),
(1534, 3, 62, 119, 2, 1),
(1535, 3, 63, 119, 0, 0),
(1536, 3, 64, 119, 0, 0),
(1537, 3, 65, 119, 0, 0),
(1538, 3, 66, 119, 0, 0),
(1539, 3, 67, 119, 2, 1),
(1540, 3, 68, 119, 0, 0),
(1541, 3, 49, 120, 2, 1),
(1542, 3, 50, 120, 2, 1),
(1543, 3, 51, 120, 2, 1),
(1544, 3, 52, 120, 2, 1),
(1545, 3, 53, 120, 2, 1),
(1546, 3, 54, 120, 2, 1),
(1547, 3, 55, 120, 2, 1),
(1548, 3, 56, 120, 2, 1),
(1549, 3, 57, 120, 2, 1),
(1550, 3, 58, 120, 2, 1),
(1551, 3, 59, 120, 2, 1),
(1552, 3, 60, 120, 2, 1),
(1553, 3, 61, 120, 2, 1),
(1554, 3, 62, 120, 2, 1),
(1555, 3, 63, 120, 2, 1),
(1556, 3, 64, 120, 2, 1),
(1557, 3, 65, 120, 2, 1),
(1558, 3, 66, 120, 2, 1),
(1559, 3, 67, 120, 2, 1),
(1560, 3, 68, 120, 2, 1),
(1561, 3, 49, 121, 2, 1),
(1562, 3, 50, 121, 0, 0),
(1563, 3, 51, 121, 2, 1),
(1564, 3, 52, 121, 2, 1),
(1565, 3, 53, 121, 2, 1),
(1566, 3, 54, 121, 2, 1),
(1567, 3, 55, 121, 2, 1),
(1568, 3, 56, 121, 2, 1),
(1569, 3, 57, 121, 2, 1),
(1570, 3, 58, 121, 2, 1),
(1571, 3, 59, 121, 2, 1),
(1572, 3, 60, 121, 2, 1),
(1573, 3, 61, 121, -1, 1),
(1574, 3, 62, 121, 2, 1),
(1575, 3, 63, 121, -1, 1),
(1576, 3, 64, 121, 2, 1),
(1577, 3, 65, 121, 0, 0),
(1578, 3, 66, 121, 0, 0),
(1579, 3, 67, 121, 0, 0),
(1580, 3, 68, 121, 0, 0),
(1581, 3, 49, 122, 2, 1),
(1582, 3, 50, 122, -1, 1),
(1583, 3, 51, 122, 0, 0),
(1584, 3, 52, 122, 2, 1),
(1585, 3, 53, 122, 2, 1),
(1586, 3, 54, 122, 2, 1),
(1587, 3, 55, 122, 0, 0),
(1588, 3, 56, 122, 2, 1),
(1589, 3, 57, 122, -1, 1),
(1590, 3, 58, 122, 0, 0),
(1591, 3, 59, 122, 0, 0),
(1592, 3, 60, 122, 2, 1),
(1593, 3, 61, 122, 0, 0),
(1594, 3, 62, 122, -1, 1),
(1595, 3, 63, 122, 0, 0),
(1596, 3, 64, 122, -1, 1),
(1597, 3, 65, 122, 0, 0),
(1598, 3, 66, 122, -1, 1),
(1599, 3, 67, 122, 2, 1),
(1600, 3, 68, 122, 2, 1),
(1601, 3, 49, 123, 2, 1),
(1602, 3, 50, 123, 2, 1),
(1603, 3, 51, 123, 2, 1),
(1604, 3, 52, 123, 2, 1),
(1605, 3, 53, 123, 2, 1),
(1606, 3, 54, 123, 2, 1),
(1607, 3, 55, 123, 2, 1),
(1608, 3, 56, 123, 2, 1),
(1609, 3, 57, 123, 2, 1),
(1610, 3, 58, 123, 2, 1),
(1611, 3, 59, 123, 2, 1),
(1612, 3, 60, 123, 2, 1),
(1613, 3, 61, 123, 2, 1),
(1614, 3, 62, 123, 2, 1),
(1615, 3, 63, 123, 2, 1),
(1616, 3, 64, 123, 2, 1),
(1617, 3, 65, 123, 2, 1),
(1618, 3, 66, 123, 2, 1),
(1619, 3, 67, 123, 2, 1),
(1620, 3, 68, 123, 2, 1),
(1621, 3, 49, 124, 2, 1),
(1622, 3, 50, 124, 2, 1),
(1623, 3, 51, 124, 2, 1),
(1624, 3, 52, 124, 2, 1),
(1625, 3, 53, 124, 2, 1),
(1626, 3, 54, 124, 2, 1),
(1627, 3, 55, 124, 2, 1),
(1628, 3, 56, 124, 2, 1),
(1629, 3, 57, 124, 2, 1),
(1630, 3, 58, 124, 2, 1),
(1631, 3, 59, 124, 2, 1),
(1632, 3, 60, 124, 2, 1),
(1633, 3, 61, 124, 2, 1),
(1634, 3, 62, 124, 2, 1),
(1635, 3, 63, 124, 2, 1),
(1636, 3, 64, 124, 2, 1),
(1637, 3, 65, 124, 2, 1),
(1638, 3, 66, 124, 2, 1),
(1639, 3, 67, 124, 2, 1),
(1640, 3, 68, 124, 2, 1),
(1641, 3, 49, 125, 2, 1),
(1642, 3, 50, 125, 2, 1),
(1643, 3, 51, 125, 2, 1),
(1644, 3, 52, 125, 2, 1),
(1645, 3, 53, 125, 2, 1),
(1646, 3, 54, 125, 2, 1),
(1647, 3, 55, 125, 2, 1),
(1648, 3, 56, 125, 2, 1),
(1649, 3, 57, 125, 2, 1),
(1650, 3, 58, 125, 2, 1),
(1651, 3, 59, 125, -1, 1),
(1652, 3, 60, 125, 0, 0),
(1653, 3, 61, 125, 2, 1),
(1654, 3, 62, 125, 2, 1),
(1655, 3, 63, 125, 2, 1),
(1656, 3, 64, 125, 2, 1),
(1657, 3, 65, 125, 2, 1),
(1658, 3, 66, 125, 2, 1),
(1659, 3, 67, 125, 2, 1),
(1660, 3, 68, 125, 2, 1),
(1661, 3, 49, 126, 2, 1),
(1662, 3, 50, 126, 0, 0),
(1663, 3, 51, 126, 0, 0),
(1664, 3, 52, 126, 0, 0),
(1665, 3, 53, 126, 0, 0),
(1666, 3, 54, 126, 2, 1),
(1667, 3, 55, 126, 2, 1),
(1668, 3, 56, 126, -1, 1),
(1669, 3, 57, 126, -1, 1),
(1670, 3, 58, 126, 0, 0),
(1671, 3, 59, 126, 0, 0),
(1672, 3, 60, 126, 2, 1),
(1673, 3, 61, 126, 0, 0),
(1674, 3, 62, 126, 0, 0),
(1675, 3, 63, 126, 0, 0),
(1676, 3, 64, 126, 0, 0),
(1677, 3, 65, 126, 2, 1),
(1678, 3, 66, 126, 0, 0),
(1679, 3, 67, 126, 0, 0),
(1680, 3, 68, 126, 2, 1),
(1681, 3, 49, 127, 2, 1),
(1682, 3, 50, 127, 2, 1),
(1683, 3, 51, 127, 2, 1),
(1684, 3, 52, 127, 2, 1),
(1685, 3, 53, 127, 2, 1),
(1686, 3, 54, 127, 2, 1),
(1687, 3, 55, 127, 2, 1),
(1688, 3, 56, 127, 2, 1),
(1689, 3, 57, 127, 2, 1),
(1690, 3, 58, 127, 2, 1),
(1691, 3, 59, 127, 2, 1),
(1692, 3, 60, 127, 2, 1),
(1693, 3, 61, 127, 2, 1),
(1694, 3, 62, 127, 2, 1),
(1695, 3, 63, 127, 2, 1),
(1696, 3, 64, 127, 2, 1),
(1697, 3, 65, 127, 2, 1),
(1698, 3, 66, 127, 2, 1),
(1699, 3, 67, 127, 2, 1),
(1700, 3, 68, 127, 2, 1),
(1701, 3, 49, 128, 0, 0),
(1702, 3, 50, 128, 0, 0),
(1703, 3, 51, 128, 0, 0),
(1704, 3, 52, 128, 0, 0),
(1705, 3, 53, 128, 0, 0),
(1706, 3, 54, 128, 2, 1),
(1707, 3, 55, 128, 0, 0),
(1708, 3, 56, 128, 0, 0),
(1709, 3, 57, 128, -1, 1),
(1710, 3, 58, 128, 2, 1),
(1711, 3, 59, 128, 0, 0),
(1712, 3, 60, 128, 0, 0),
(1713, 3, 61, 128, 0, 0),
(1714, 3, 62, 128, 2, 1),
(1715, 3, 63, 128, 0, 0),
(1716, 3, 64, 128, 2, 1),
(1717, 3, 65, 128, 0, 0),
(1718, 3, 66, 128, 0, 0),
(1719, 3, 67, 128, 2, 1),
(1720, 3, 68, 128, 0, 0),
(1721, 3, 49, 129, 2, 1),
(1722, 3, 50, 129, 0, 0),
(1723, 3, 51, 129, 2, 1),
(1724, 3, 52, 129, 2, 1),
(1725, 3, 53, 129, 2, 1),
(1726, 3, 54, 129, 2, 1),
(1727, 3, 55, 129, 2, 1),
(1728, 3, 56, 129, 2, 1),
(1729, 3, 57, 129, 2, 1),
(1730, 3, 58, 129, 2, 1),
(1731, 3, 59, 129, 2, 1),
(1732, 3, 60, 129, 2, 1),
(1733, 3, 61, 129, 2, 1),
(1734, 3, 62, 129, 2, 1),
(1735, 3, 63, 129, 2, 1),
(1736, 3, 64, 129, 2, 1),
(1737, 3, 65, 129, 2, 1),
(1738, 3, 66, 129, 2, 1),
(1739, 3, 67, 129, 2, 1),
(1740, 3, 68, 129, 0, 0),
(1741, 3, 49, 130, 2, 1),
(1742, 3, 50, 130, 0, 0),
(1743, 3, 51, 130, 0, 0),
(1744, 3, 52, 130, 2, 1),
(1745, 3, 53, 130, 0, 0),
(1746, 3, 54, 130, 0, 0),
(1747, 3, 55, 130, 2, 1),
(1748, 3, 56, 130, 0, 0),
(1749, 3, 57, 130, 2, 1),
(1750, 3, 58, 130, 0, 1),
(1751, 3, 59, 130, 0, 0),
(1752, 3, 60, 130, 0, 0),
(1753, 3, 61, 130, 2, 1),
(1754, 3, 62, 130, 0, 0),
(1755, 3, 63, 130, 0, 0),
(1756, 3, 64, 130, 2, 1),
(1757, 3, 65, 130, 0, 0),
(1758, 3, 66, 130, -1, 1),
(1759, 3, 67, 130, -1, 1),
(1760, 3, 68, 130, 2, 1),
(1761, 3, 49, 131, 2, 1),
(1762, 3, 50, 131, 2, 1),
(1763, 3, 51, 131, 2, 1),
(1764, 3, 52, 131, 2, 1),
(1765, 3, 53, 131, 2, 1),
(1766, 3, 54, 131, 2, 1),
(1767, 3, 55, 131, 2, 1),
(1768, 3, 56, 131, 2, 1),
(1769, 3, 57, 131, 2, 1),
(1770, 3, 58, 131, 2, 1),
(1771, 3, 59, 131, 2, 1),
(1772, 3, 60, 131, 2, 1),
(1773, 3, 61, 131, 2, 1),
(1774, 3, 62, 131, 2, 1),
(1775, 3, 63, 131, 2, 1),
(1776, 3, 64, 131, 2, 1),
(1777, 3, 65, 131, 2, 1),
(1778, 3, 66, 131, 2, 1),
(1779, 3, 67, 131, 2, 1),
(1780, 3, 68, 131, 2, 1),
(1781, 3, 49, 132, 2, 1),
(1782, 3, 50, 132, 2, 1),
(1783, 3, 51, 132, 2, 1),
(1784, 3, 52, 132, 2, 1),
(1785, 3, 53, 132, 2, 1),
(1786, 3, 54, 132, 2, 1),
(1787, 3, 55, 132, 2, 1),
(1788, 3, 56, 132, 2, 1),
(1789, 3, 57, 132, 2, 1),
(1790, 3, 58, 132, 2, 1),
(1791, 3, 59, 132, 2, 1),
(1792, 3, 60, 132, 2, 1),
(1793, 3, 61, 132, 2, 1),
(1794, 3, 62, 132, 2, 1),
(1795, 3, 63, 132, 2, 1),
(1796, 3, 64, 132, 2, 1),
(1797, 3, 65, 132, 2, 1),
(1798, 3, 66, 132, 2, 1),
(1799, 3, 67, 132, 2, 1),
(1800, 3, 68, 132, 2, 1),
(1801, 3, 49, 133, 2, 1),
(1802, 3, 50, 133, 2, 1),
(1803, 3, 51, 133, 2, 1),
(1804, 3, 52, 133, 2, 1),
(1805, 3, 53, 133, 2, 1),
(1806, 3, 54, 133, 2, 1),
(1807, 3, 55, 133, 2, 1),
(1808, 3, 56, 133, 2, 1),
(1809, 3, 57, 133, 2, 1),
(1810, 3, 58, 133, 2, 1),
(1811, 3, 59, 133, 2, 1),
(1812, 3, 60, 133, 2, 1),
(1813, 3, 61, 133, 2, 1),
(1814, 3, 62, 133, 2, 1),
(1815, 3, 63, 133, 2, 1),
(1816, 3, 64, 133, 2, 1),
(1817, 3, 65, 133, 2, 1),
(1818, 3, 66, 133, 2, 1),
(1819, 3, 67, 133, 2, 1),
(1820, 3, 68, 133, 2, 1),
(1821, 3, 49, 134, 2, 1),
(1822, 3, 50, 134, 0, 0),
(1823, 3, 51, 134, 2, 1),
(1824, 3, 52, 134, -1, 1),
(1825, 3, 53, 134, 2, 1),
(1826, 3, 54, 134, 2, 1),
(1827, 3, 55, 134, 0, 0),
(1828, 3, 56, 134, -1, 1),
(1829, 3, 57, 134, 2, 1),
(1830, 3, 58, 134, 0, 0),
(1831, 3, 59, 134, 2, 1),
(1832, 3, 60, 134, 0, 0),
(1833, 3, 61, 134, 0, 0),
(1834, 3, 62, 134, 2, 1),
(1835, 3, 63, 134, 0, 0),
(1836, 3, 64, 134, 2, 1),
(1837, 3, 65, 134, 0, 0),
(1838, 3, 66, 134, 2, 1),
(1839, 3, 67, 134, -1, 1),
(1840, 3, 68, 134, 0, 0),
(1841, 3, 49, 135, 2, 1),
(1842, 3, 50, 135, 2, 1),
(1843, 3, 51, 135, 2, 1),
(1844, 3, 52, 135, 2, 1),
(1845, 3, 53, 135, 2, 1),
(1846, 3, 54, 135, 2, 1),
(1847, 3, 55, 135, 2, 1),
(1848, 3, 56, 135, 2, 1),
(1849, 3, 57, 135, 2, 1),
(1850, 3, 58, 135, 2, 1),
(1851, 3, 59, 135, -1, 1),
(1852, 3, 60, 135, 0, 0),
(1853, 3, 61, 135, 2, 1),
(1854, 3, 62, 135, 2, 1),
(1855, 3, 63, 135, 2, 1),
(1856, 3, 64, 135, 2, 1),
(1857, 3, 65, 135, 2, 1),
(1858, 3, 66, 135, 2, 1),
(1859, 3, 67, 135, 2, 1),
(1860, 3, 68, 135, 2, 1),
(1861, 3, 49, 136, 2, 1),
(1862, 3, 50, 136, 2, 1),
(1863, 3, 51, 136, 2, 1),
(1864, 3, 52, 136, 2, 1),
(1865, 3, 53, 136, 2, 1),
(1866, 3, 54, 136, 2, 1),
(1867, 3, 55, 136, 2, 1),
(1868, 3, 56, 136, 2, 1),
(1869, 3, 57, 136, 2, 1),
(1870, 3, 58, 136, 2, 1),
(1871, 3, 59, 136, -1, 1),
(1872, 3, 60, 136, 0, 0),
(1873, 3, 61, 136, 2, 1),
(1874, 3, 62, 136, 2, 1),
(1875, 3, 63, 136, 2, 1),
(1876, 3, 64, 136, 2, 1),
(1877, 3, 65, 136, 2, 1),
(1878, 3, 66, 136, 2, 1),
(1879, 3, 67, 136, 2, 1),
(1880, 3, 68, 136, 2, 1),
(1881, 3, 49, 137, 2, 1),
(1882, 3, 50, 137, 2, 1),
(1883, 3, 51, 137, 2, 1),
(1884, 3, 52, 137, 2, 1),
(1885, 3, 53, 137, 2, 1),
(1886, 3, 54, 137, 2, 1),
(1887, 3, 55, 137, 2, 1),
(1888, 3, 56, 137, 2, 1),
(1889, 3, 57, 137, 2, 1),
(1890, 3, 58, 137, 2, 1),
(1891, 3, 59, 137, -1, 1),
(1892, 3, 60, 137, 0, 0),
(1893, 3, 61, 137, 2, 1),
(1894, 3, 62, 137, 2, 1),
(1895, 3, 63, 137, 2, 1),
(1896, 3, 64, 137, 2, 1),
(1897, 3, 65, 137, 2, 1),
(1898, 3, 66, 137, 2, 1),
(1899, 3, 67, 137, 2, 1),
(1900, 3, 68, 137, 2, 1),
(1901, 3, 49, 138, 2, 1),
(1902, 3, 50, 138, 2, 1),
(1903, 3, 51, 138, 2, 1),
(1904, 3, 52, 138, 2, 1),
(1905, 3, 53, 138, 2, 1),
(1906, 3, 54, 138, 2, 1),
(1907, 3, 55, 138, 2, 1),
(1908, 3, 56, 138, 2, 1),
(1909, 3, 57, 138, 2, 1),
(1910, 3, 58, 138, 2, 1),
(1911, 3, 59, 138, 2, 1),
(1912, 3, 60, 138, 2, 1),
(1913, 3, 61, 138, 2, 1),
(1914, 3, 62, 138, 2, 1),
(1915, 3, 63, 138, 2, 1),
(1916, 3, 64, 138, 2, 1),
(1917, 3, 65, 138, 2, 1),
(1918, 3, 66, 138, 2, 1),
(1919, 3, 67, 138, 2, 1),
(1920, 3, 68, 138, 2, 1),
(1921, 3, 49, 139, 2, 1),
(1922, 3, 50, 139, 2, 1),
(1923, 3, 51, 139, 2, 1),
(1924, 3, 52, 139, 2, 1),
(1925, 3, 53, 139, 2, 1),
(1926, 3, 54, 139, 2, 1),
(1927, 3, 55, 139, 2, 1),
(1928, 3, 56, 139, 2, 1),
(1929, 3, 57, 139, 2, 1),
(1930, 3, 58, 139, 2, 1),
(1931, 3, 59, 139, 2, 1),
(1932, 3, 60, 139, 2, 1),
(1933, 3, 61, 139, 2, 1),
(1934, 3, 62, 139, 2, 1),
(1935, 3, 63, 139, 2, 1),
(1936, 3, 64, 139, 2, 1),
(1937, 3, 65, 139, 2, 1),
(1938, 3, 66, 139, 2, 1),
(1939, 3, 67, 139, 2, 1),
(1940, 3, 68, 139, 2, 1),
(1941, 3, 49, 140, 2, 1),
(1942, 3, 50, 140, 2, 1),
(1943, 3, 51, 140, 2, 1),
(1944, 3, 52, 140, 2, 1),
(1945, 3, 53, 140, 2, 1),
(1946, 3, 54, 140, 2, 1),
(1947, 3, 55, 140, 2, 1),
(1948, 3, 56, 140, 2, 1),
(1949, 3, 57, 140, 2, 1),
(1950, 3, 58, 140, 2, 1),
(1951, 3, 59, 140, 2, 1),
(1952, 3, 60, 140, 2, 1),
(1953, 3, 61, 140, 2, 1),
(1954, 3, 62, 140, 2, 1),
(1955, 3, 63, 140, 2, 1),
(1956, 3, 64, 140, 2, 1),
(1957, 3, 65, 140, 2, 1),
(1958, 3, 66, 140, 2, 1),
(1959, 3, 67, 140, 2, 1),
(1960, 3, 68, 140, 2, 1),
(1961, 3, 49, 141, 2, 1),
(1962, 3, 50, 141, 0, 0),
(1963, 3, 51, 141, 2, 1),
(1964, 3, 52, 141, 2, 1),
(1965, 3, 53, 141, 2, 1),
(1966, 3, 54, 141, 2, 1),
(1967, 3, 55, 141, 2, 1),
(1968, 3, 56, 141, 2, 1),
(1969, 3, 57, 141, 2, 1),
(1970, 3, 58, 141, 2, 1),
(1971, 3, 59, 141, 2, 1),
(1972, 3, 60, 141, 2, 1),
(1973, 3, 61, 141, 2, 1),
(1974, 3, 62, 141, 2, 1),
(1975, 3, 63, 141, 2, 1),
(1976, 3, 64, 141, 2, 1),
(1977, 3, 65, 141, 2, 1),
(1978, 3, 66, 141, 2, 1),
(1979, 3, 67, 141, 2, 1),
(1980, 3, 68, 141, 0, 0),
(1981, 3, 49, 142, 2, 1),
(1982, 3, 50, 142, 2, 1),
(1983, 3, 51, 142, 2, 1),
(1984, 3, 52, 142, 2, 1),
(1985, 3, 53, 142, 2, 1),
(1986, 3, 54, 142, 2, 1),
(1987, 3, 55, 142, 2, 1),
(1988, 3, 56, 142, 2, 1),
(1989, 3, 57, 142, 2, 1),
(1990, 3, 58, 142, 2, 1),
(1991, 3, 59, 142, 2, 1),
(1992, 3, 60, 142, 2, 1),
(1993, 3, 61, 142, 2, 1),
(1994, 3, 62, 142, 2, 1),
(1995, 3, 63, 142, 2, 1),
(1996, 3, 64, 142, 2, 1),
(1997, 3, 65, 142, 2, 1),
(1998, 3, 66, 142, 2, 1),
(1999, 3, 67, 142, 2, 1),
(2000, 3, 68, 142, 2, 1),
(2001, 3, 49, 143, 2, 1),
(2002, 3, 50, 143, 2, 1),
(2003, 3, 51, 143, 2, 1),
(2004, 3, 52, 143, 2, 1),
(2005, 3, 53, 143, 2, 1),
(2006, 3, 54, 143, 2, 1),
(2007, 3, 55, 143, 2, 1),
(2008, 3, 56, 143, 2, 1),
(2009, 3, 57, 143, 2, 1),
(2010, 3, 58, 143, 2, 1),
(2011, 3, 59, 143, -1, 1),
(2012, 3, 60, 143, 0, 0),
(2013, 3, 61, 143, 2, 1),
(2014, 3, 62, 143, 2, 1),
(2015, 3, 63, 143, 2, 1),
(2016, 3, 64, 143, 2, 1),
(2017, 3, 65, 143, 2, 1),
(2018, 3, 66, 143, 2, 1),
(2019, 3, 67, 143, 2, 1),
(2020, 3, 68, 143, 2, 1),
(2021, 3, 49, 144, 2, 1),
(2022, 3, 50, 144, 2, 1),
(2023, 3, 51, 144, 2, 1),
(2024, 3, 52, 144, 2, 1),
(2025, 3, 53, 144, 2, 1),
(2026, 3, 54, 144, 2, 1),
(2027, 3, 55, 144, 2, 1),
(2028, 3, 56, 144, 2, 1),
(2029, 3, 57, 144, 2, 1),
(2030, 3, 58, 144, 2, 1),
(2031, 3, 59, 144, 2, 1),
(2032, 3, 60, 144, 2, 1),
(2033, 3, 61, 144, 2, 1),
(2034, 3, 62, 144, 2, 1),
(2035, 3, 63, 144, 2, 1),
(2036, 3, 64, 144, 2, 1),
(2037, 3, 65, 144, 2, 1),
(2038, 3, 66, 144, 2, 1),
(2039, 3, 67, 144, 2, 1),
(2040, 3, 68, 144, 2, 1),
(2041, 3, 49, 145, 2, 1),
(2042, 3, 50, 145, 0, 0),
(2043, 3, 51, 145, 2, 1),
(2044, 3, 52, 145, 2, 1),
(2045, 3, 53, 145, 2, 1),
(2046, 3, 54, 145, 2, 1),
(2047, 3, 55, 145, 2, 1),
(2048, 3, 56, 145, 2, 1),
(2049, 3, 57, 145, 2, 1),
(2050, 3, 58, 145, 2, 1),
(2051, 3, 59, 145, 2, 1),
(2052, 3, 60, 145, 2, 1),
(2053, 3, 61, 145, -1, 1),
(2054, 3, 62, 145, 2, 1),
(2055, 3, 63, 145, -1, 1),
(2056, 3, 64, 145, 2, 1),
(2057, 3, 65, 145, 0, 0),
(2058, 3, 66, 145, 0, 0),
(2059, 3, 67, 145, 0, 0),
(2060, 3, 68, 145, 0, 0),
(2061, 3, 49, 146, 2, 1),
(2062, 3, 50, 146, 2, 1),
(2063, 3, 51, 146, 2, 1),
(2064, 3, 52, 146, 2, 1),
(2065, 3, 53, 146, 2, 1),
(2066, 3, 54, 146, 2, 1),
(2067, 3, 55, 146, 2, 1),
(2068, 3, 56, 146, 2, 1),
(2069, 3, 57, 146, 2, 1),
(2070, 3, 58, 146, 2, 1),
(2071, 3, 59, 146, -1, 1),
(2072, 3, 60, 146, 0, 0),
(2073, 3, 61, 146, 2, 1),
(2074, 3, 62, 146, 2, 1),
(2075, 3, 63, 146, 2, 1),
(2076, 3, 64, 146, 2, 1),
(2077, 3, 65, 146, 2, 1),
(2078, 3, 66, 146, 2, 1),
(2079, 3, 67, 146, 2, 1),
(2080, 3, 68, 146, 2, 1),
(2081, 3, 49, 147, 2, 1),
(2082, 3, 50, 147, 2, 1),
(2083, 3, 51, 147, 2, 1),
(2084, 3, 52, 147, 2, 1),
(2085, 3, 53, 147, 2, 1),
(2086, 3, 54, 147, 2, 1),
(2087, 3, 55, 147, 2, 1),
(2088, 3, 56, 147, 2, 1),
(2089, 3, 57, 147, 2, 1),
(2090, 3, 58, 147, 2, 1),
(2091, 3, 59, 147, -1, 1),
(2092, 3, 60, 147, 0, 0),
(2093, 3, 61, 147, 2, 1),
(2094, 3, 62, 147, 2, 1),
(2095, 3, 63, 147, 2, 1),
(2096, 3, 64, 147, 2, 1),
(2097, 3, 65, 147, 2, 1),
(2098, 3, 66, 147, 2, 1),
(2099, 3, 67, 147, 2, 1),
(2100, 3, 68, 147, 2, 1),
(2101, 3, 49, 148, 2, 1),
(2102, 3, 50, 148, 2, 1),
(2103, 3, 51, 148, 2, 1),
(2104, 3, 52, 148, 2, 1),
(2105, 3, 53, 148, 2, 1),
(2106, 3, 54, 148, 2, 1),
(2107, 3, 55, 148, 2, 1),
(2108, 3, 56, 148, 2, 1),
(2109, 3, 57, 148, 2, 1),
(2110, 3, 58, 148, 2, 1),
(2111, 3, 59, 148, 2, 1),
(2112, 3, 60, 148, 2, 1),
(2113, 3, 61, 148, 2, 1),
(2114, 3, 62, 148, 2, 1),
(2115, 3, 63, 148, 2, 1),
(2116, 3, 64, 148, 2, 1),
(2117, 3, 65, 148, 2, 1),
(2118, 3, 66, 148, 2, 1),
(2119, 3, 67, 148, 2, 1),
(2120, 3, 68, 148, 2, 1),
(2121, 3, 49, 149, 2, 1),
(2122, 3, 50, 149, 2, 1),
(2123, 3, 51, 149, 0, 0),
(2124, 3, 52, 149, 0, 0),
(2125, 3, 53, 149, 2, 1),
(2126, 3, 54, 149, 0, 0),
(2127, 3, 55, 149, 2, 1),
(2128, 3, 56, 149, 0, 0),
(2129, 3, 57, 149, 2, 1),
(2130, 3, 58, 149, 2, 1),
(2131, 3, 59, 149, 2, 1),
(2132, 3, 60, 149, 2, 1),
(2133, 3, 61, 149, 2, 1),
(2134, 3, 62, 149, 0, 0),
(2135, 3, 63, 149, 0, 0),
(2136, 3, 64, 149, 2, 1),
(2137, 3, 65, 149, 2, 1),
(2138, 3, 66, 149, 2, 1),
(2139, 3, 67, 149, 2, 1),
(2140, 3, 68, 149, 0, 0),
(2141, 3, 49, 150, 2, 1),
(2142, 3, 50, 150, 2, 1),
(2143, 3, 51, 150, 2, 1),
(2144, 3, 52, 150, 2, 1),
(2145, 3, 53, 150, 2, 1),
(2146, 3, 54, 150, 2, 1),
(2147, 3, 55, 150, 2, 1),
(2148, 3, 56, 150, 2, 1),
(2149, 3, 57, 150, 2, 1),
(2150, 3, 58, 150, 2, 1),
(2151, 3, 59, 150, 2, 1),
(2152, 3, 60, 150, 2, 1),
(2153, 3, 61, 150, 2, 1),
(2154, 3, 62, 150, 2, 1),
(2155, 3, 63, 150, 2, 1),
(2156, 3, 64, 150, 2, 1),
(2157, 3, 65, 150, 2, 1),
(2158, 3, 66, 150, 2, 1),
(2159, 3, 67, 150, 2, 1),
(2160, 3, 68, 150, 2, 1),
(2161, 3, 49, 151, 2, 1),
(2162, 3, 50, 151, 0, 0),
(2163, 3, 51, 151, 2, 1),
(2164, 3, 52, 151, 0, 0),
(2165, 3, 53, 151, 2, 1),
(2166, 3, 54, 151, 2, 1),
(2167, 3, 55, 151, 2, 1),
(2168, 3, 56, 151, 2, 1),
(2169, 3, 57, 151, 0, 0),
(2170, 3, 58, 151, 2, 1);
INSERT INTO `student_quiz_question` (`student_quiz_question_id`, `quiz_id`, `question_id`, `student_id`, `marks`, `isAttempted`) VALUES
(2171, 3, 59, 151, 2, 1),
(2172, 3, 60, 151, 2, 1),
(2173, 3, 61, 151, 2, 1),
(2174, 3, 62, 151, 2, 1),
(2175, 3, 63, 151, 2, 1),
(2176, 3, 64, 151, 0, 0),
(2177, 3, 65, 151, 0, 0),
(2178, 3, 66, 151, 2, 1),
(2179, 3, 67, 151, 2, 1),
(2180, 3, 68, 151, 2, 1),
(2181, 3, 49, 152, 2, 1),
(2182, 3, 50, 152, 0, 0),
(2183, 3, 51, 152, 2, 1),
(2184, 3, 52, 152, 2, 1),
(2185, 3, 53, 152, 2, 1),
(2186, 3, 54, 152, 2, 1),
(2187, 3, 55, 152, 2, 1),
(2188, 3, 56, 152, 2, 1),
(2189, 3, 57, 152, 2, 1),
(2190, 3, 58, 152, 2, 1),
(2191, 3, 59, 152, 2, 1),
(2192, 3, 60, 152, 2, 1),
(2193, 3, 61, 152, -1, 1),
(2194, 3, 62, 152, 2, 1),
(2195, 3, 63, 152, -1, 1),
(2196, 3, 64, 152, 2, 1),
(2197, 3, 65, 152, 0, 0),
(2198, 3, 66, 152, 0, 0),
(2199, 3, 67, 152, 0, 0),
(2200, 3, 68, 152, 0, 0),
(2201, 3, 49, 153, 2, 1),
(2202, 3, 50, 153, 2, 1),
(2203, 3, 51, 153, 0, 0),
(2204, 3, 52, 153, 0, 0),
(2205, 3, 53, 153, 2, 1),
(2206, 3, 54, 153, 0, 0),
(2207, 3, 55, 153, 2, 1),
(2208, 3, 56, 153, 0, 0),
(2209, 3, 57, 153, 2, 1),
(2210, 3, 58, 153, 2, 1),
(2211, 3, 59, 153, 2, 1),
(2212, 3, 60, 153, 2, 1),
(2213, 3, 61, 153, 2, 1),
(2214, 3, 62, 153, 0, 0),
(2215, 3, 63, 153, 0, 0),
(2216, 3, 64, 153, 2, 1),
(2217, 3, 65, 153, 2, 1),
(2218, 3, 66, 153, 2, 1),
(2219, 3, 67, 153, 2, 1),
(2220, 3, 68, 153, 0, 0),
(2221, 3, 49, 154, 2, 1),
(2222, 3, 50, 154, 2, 1),
(2223, 3, 51, 154, 2, 1),
(2224, 3, 52, 154, 2, 1),
(2225, 3, 53, 154, 2, 1),
(2226, 3, 54, 154, 2, 1),
(2227, 3, 55, 154, 2, 1),
(2228, 3, 56, 154, 2, 1),
(2229, 3, 57, 154, 2, 1),
(2230, 3, 58, 154, 2, 1),
(2231, 3, 59, 154, 2, 1),
(2232, 3, 60, 154, 2, 1),
(2233, 3, 61, 154, 2, 1),
(2234, 3, 62, 154, 2, 1),
(2235, 3, 63, 154, 2, 1),
(2236, 3, 64, 154, 2, 1),
(2237, 3, 65, 154, 2, 1),
(2238, 3, 66, 154, 2, 1),
(2239, 3, 67, 154, 2, 1),
(2240, 3, 68, 154, 2, 1),
(2241, 3, 49, 155, 2, 1),
(2242, 3, 50, 155, 2, 1),
(2243, 3, 51, 155, 2, 1),
(2244, 3, 52, 155, 2, 1),
(2245, 3, 53, 155, 2, 1),
(2246, 3, 54, 155, 2, 1),
(2247, 3, 55, 155, 2, 1),
(2248, 3, 56, 155, 2, 1),
(2249, 3, 57, 155, 2, 1),
(2250, 3, 58, 155, 2, 1),
(2251, 3, 59, 155, 2, 1),
(2252, 3, 60, 155, 2, 1),
(2253, 3, 61, 155, 2, 1),
(2254, 3, 62, 155, 2, 1),
(2255, 3, 63, 155, 2, 1),
(2256, 3, 64, 155, 2, 1),
(2257, 3, 65, 155, 2, 1),
(2258, 3, 66, 155, 2, 1),
(2259, 3, 67, 155, 2, 1),
(2260, 3, 68, 155, 2, 1),
(2261, 3, 49, 156, 2, 1),
(2262, 3, 50, 156, 2, 1),
(2263, 3, 51, 156, 2, 1),
(2264, 3, 52, 156, 2, 1),
(2265, 3, 53, 156, 2, 1),
(2266, 3, 54, 156, 2, 1),
(2267, 3, 55, 156, 2, 1),
(2268, 3, 56, 156, 2, 1),
(2269, 3, 57, 156, 2, 1),
(2270, 3, 58, 156, 2, 1),
(2271, 3, 59, 156, 2, 1),
(2272, 3, 60, 156, 2, 1),
(2273, 3, 61, 156, 2, 1),
(2274, 3, 62, 156, 2, 1),
(2275, 3, 63, 156, 2, 1),
(2276, 3, 64, 156, 2, 1),
(2277, 3, 65, 156, 2, 1),
(2278, 3, 66, 156, 2, 1),
(2279, 3, 67, 156, 2, 1),
(2280, 3, 68, 156, 2, 1),
(2281, 4, 1, 70, 2, 1),
(2282, 4, 2, 70, 0, 0),
(2283, 4, 3, 70, 2, 1),
(2284, 4, 4, 70, 2, 1),
(2285, 4, 5, 70, 2, 1),
(2286, 4, 6, 70, 2, 1),
(2287, 4, 7, 70, 2, 1),
(2288, 4, 8, 70, 2, 1),
(2289, 4, 9, 70, 2, 1),
(2290, 4, 10, 70, 2, 1),
(2291, 4, 11, 70, 2, 1),
(2292, 4, 12, 70, 2, 1),
(2293, 4, 13, 70, -1, 1),
(2294, 4, 14, 70, 2, 1),
(2295, 4, 15, 70, -1, 1),
(2296, 4, 16, 70, 2, 1),
(2297, 4, 17, 70, 0, 0),
(2298, 4, 18, 70, 0, 0),
(2299, 4, 19, 70, 0, 0),
(2300, 4, 20, 70, 0, 0),
(2301, 4, 1, 73, 2, 1),
(2302, 4, 2, 73, 2, 1),
(2303, 4, 3, 73, 0, 0),
(2304, 4, 4, 73, 0, 0),
(2305, 4, 5, 73, 2, 1),
(2306, 4, 6, 73, 0, 0),
(2307, 4, 7, 73, 2, 1),
(2308, 4, 8, 73, 0, 0),
(2309, 4, 9, 73, 2, 1),
(2310, 4, 10, 73, 2, 1),
(2311, 4, 11, 73, 2, 1),
(2312, 4, 12, 73, 2, 1),
(2313, 4, 13, 73, 2, 1),
(2314, 4, 14, 73, 0, 0),
(2315, 4, 15, 73, 0, 0),
(2316, 4, 16, 73, 2, 1),
(2317, 4, 17, 73, 2, 1),
(2318, 4, 18, 73, 2, 1),
(2319, 4, 19, 73, 2, 1),
(2320, 4, 20, 73, 0, 0),
(2321, 4, 1, 75, 2, 1),
(2322, 4, 2, 75, 0, 0),
(2323, 4, 3, 75, 2, 1),
(2324, 4, 4, 75, 2, 1),
(2325, 4, 5, 75, 2, 1),
(2326, 4, 6, 75, 2, 1),
(2327, 4, 7, 75, 2, 1),
(2328, 4, 8, 75, 2, 1),
(2329, 4, 9, 75, 2, 1),
(2330, 4, 10, 75, 2, 1),
(2331, 4, 11, 75, 2, 1),
(2332, 4, 12, 75, 2, 1),
(2333, 4, 13, 75, -1, 1),
(2334, 4, 14, 75, 2, 1),
(2335, 4, 15, 75, -1, 1),
(2336, 4, 16, 75, 2, 1),
(2337, 4, 17, 75, 0, 0),
(2338, 4, 18, 75, 0, 0),
(2339, 4, 19, 75, 0, 0),
(2340, 4, 20, 75, 0, 0),
(2341, 4, 1, 77, 2, 1),
(2342, 4, 2, 77, 0, 0),
(2343, 4, 3, 77, 2, 1),
(2344, 4, 4, 77, 0, 0),
(2345, 4, 5, 77, 2, 1),
(2346, 4, 6, 77, 2, 1),
(2347, 4, 7, 77, 2, 1),
(2348, 4, 8, 77, 2, 1),
(2349, 4, 9, 77, 0, 0),
(2350, 4, 10, 77, 2, 1),
(2351, 4, 11, 77, 2, 1),
(2352, 4, 12, 77, 2, 1),
(2353, 4, 13, 77, 2, 1),
(2354, 4, 14, 77, 2, 1),
(2355, 4, 15, 77, 2, 1),
(2356, 4, 16, 77, 0, 0),
(2357, 4, 17, 77, 0, 0),
(2358, 4, 18, 77, 2, 1),
(2359, 4, 19, 77, 2, 1),
(2360, 4, 20, 77, 2, 1),
(2361, 4, 1, 83, 2, 1),
(2362, 4, 2, 83, 0, 0),
(2363, 4, 3, 83, 2, 1),
(2364, 4, 4, 83, 2, 1),
(2365, 4, 5, 83, 2, 1),
(2366, 4, 6, 83, 2, 1),
(2367, 4, 7, 83, 2, 1),
(2368, 4, 8, 83, 2, 1),
(2369, 4, 9, 83, 2, 1),
(2370, 4, 10, 83, 2, 1),
(2371, 4, 11, 83, 2, 1),
(2372, 4, 12, 83, 2, 1),
(2373, 4, 13, 83, 2, 1),
(2374, 4, 14, 83, 2, 1),
(2375, 4, 15, 83, 2, 1),
(2376, 4, 16, 83, 2, 1),
(2377, 4, 17, 83, 2, 1),
(2378, 4, 18, 83, 2, 1),
(2379, 4, 19, 83, 2, 1),
(2380, 4, 20, 83, 0, 0),
(2381, 4, 1, 87, 2, 1),
(2382, 4, 2, 87, 0, 0),
(2383, 4, 3, 87, 2, 1),
(2384, 4, 4, 87, 2, 1),
(2385, 4, 5, 87, 2, 1),
(2386, 4, 6, 87, 2, 1),
(2387, 4, 7, 87, 2, 1),
(2388, 4, 8, 87, 2, 1),
(2389, 4, 9, 87, 2, 1),
(2390, 4, 10, 87, 2, 1),
(2391, 4, 11, 87, 2, 1),
(2392, 4, 12, 87, 2, 1),
(2393, 4, 13, 87, -1, 1),
(2394, 4, 14, 87, 2, 1),
(2395, 4, 15, 87, -1, 1),
(2396, 4, 16, 87, 2, 1),
(2397, 4, 17, 87, 0, 0),
(2398, 4, 18, 87, 0, 0),
(2399, 4, 19, 87, 0, 0),
(2400, 4, 20, 87, 0, 0),
(2401, 4, 1, 89, 2, 1),
(2402, 4, 2, 89, 0, 0),
(2403, 4, 3, 89, 0, 0),
(2404, 4, 4, 89, 2, 1),
(2405, 4, 5, 89, 2, 1),
(2406, 4, 6, 89, 0, 0),
(2407, 4, 7, 89, 2, 1),
(2408, 4, 8, 89, 0, 0),
(2409, 4, 9, 89, 0, 0),
(2410, 4, 10, 89, 2, 1),
(2411, 4, 11, 89, 0, 0),
(2412, 4, 12, 89, 2, 1),
(2413, 4, 13, 89, 0, 0),
(2414, 4, 14, 89, 0, 0),
(2415, 4, 15, 89, 2, 1),
(2416, 4, 16, 89, 2, 1),
(2417, 4, 17, 89, 0, 0),
(2418, 4, 18, 89, 0, 0),
(2419, 4, 19, 89, 2, 1),
(2420, 4, 20, 89, 2, 1),
(2421, 4, 1, 93, 2, 1),
(2422, 4, 2, 93, 2, 1),
(2423, 4, 3, 93, 2, 1),
(2424, 4, 4, 93, 2, 1),
(2425, 4, 5, 93, 2, 1),
(2426, 4, 6, 93, 2, 1),
(2427, 4, 7, 93, 2, 1),
(2428, 4, 8, 93, 2, 1),
(2429, 4, 9, 93, 2, 1),
(2430, 4, 10, 93, 2, 1),
(2431, 4, 11, 93, 2, 1),
(2432, 4, 12, 93, 2, 1),
(2433, 4, 13, 93, 2, 1),
(2434, 4, 14, 93, 2, 1),
(2435, 4, 15, 93, 2, 1),
(2436, 4, 16, 93, 2, 1),
(2437, 4, 17, 93, 2, 1),
(2438, 4, 18, 93, 2, 1),
(2439, 4, 19, 93, 2, 1),
(2440, 4, 20, 93, 2, 1),
(2441, 5, 21, 1, 1, 1),
(2442, 5, 22, 1, 1, 1),
(2443, 5, 23, 1, 1, 1),
(2444, 5, 24, 1, 1, 1),
(2445, 5, 25, 1, 1, 1),
(2446, 5, 26, 1, 1, 1),
(2447, 5, 27, 1, 1, 1),
(2448, 5, 28, 1, 1, 1),
(2449, 5, 29, 1, 1, 1),
(2450, 5, 30, 1, 1, 1),
(2451, 5, 31, 1, 1, 1),
(2452, 5, 32, 1, 1, 1),
(2453, 5, 33, 1, 1, 1),
(2454, 5, 34, 1, 1, 1),
(2455, 5, 35, 1, 1, 1),
(2456, 5, 36, 1, 1, 1),
(2457, 5, 37, 1, 1, 1),
(2458, 5, 38, 1, 1, 1),
(2459, 5, 39, 1, 1, 1),
(2460, 5, 40, 1, 1, 1),
(2461, 6, 49, 115, 2, 1),
(2462, 6, 50, 115, 0, 0),
(2463, 6, 51, 115, 2, 1),
(2464, 6, 52, 115, 2, 1),
(2465, 6, 53, 115, 2, 1),
(2466, 6, 54, 115, 2, 1),
(2467, 6, 55, 115, 2, 1),
(2468, 6, 56, 115, 2, 1),
(2469, 6, 57, 115, 2, 1),
(2470, 6, 58, 115, 2, 1),
(2471, 6, 59, 115, 2, 1),
(2472, 6, 60, 115, 2, 1),
(2473, 6, 61, 115, 2, 1),
(2474, 6, 62, 115, 2, 1),
(2475, 6, 63, 115, 2, 1),
(2476, 6, 64, 115, 2, 1),
(2477, 6, 65, 115, 2, 1),
(2478, 6, 66, 115, 2, 1),
(2479, 6, 67, 115, 2, 1),
(2480, 6, 68, 115, 0, 0),
(2481, 6, 49, 117, 2, 1),
(2482, 6, 50, 117, 0, 0),
(2483, 6, 51, 117, 2, 1),
(2484, 6, 52, 117, 2, 1),
(2485, 6, 53, 117, 2, 1),
(2486, 6, 54, 117, 2, 1),
(2487, 6, 55, 117, 2, 1),
(2488, 6, 56, 117, 2, 1),
(2489, 6, 57, 117, 2, 1),
(2490, 6, 58, 117, 2, 1),
(2491, 6, 59, 117, 2, 1),
(2492, 6, 60, 117, 2, 1),
(2493, 6, 61, 117, 2, 1),
(2494, 6, 62, 117, 2, 1),
(2495, 6, 63, 117, 2, 1),
(2496, 6, 64, 117, 2, 1),
(2497, 6, 65, 117, 2, 1),
(2498, 6, 66, 117, 2, 1),
(2499, 6, 67, 117, 2, 1),
(2500, 6, 68, 117, 0, 0),
(2501, 6, 49, 119, 2, 1),
(2502, 6, 50, 119, 2, 1),
(2503, 6, 51, 119, 2, 1),
(2504, 6, 52, 119, 2, 1),
(2505, 6, 53, 119, 2, 1),
(2506, 6, 54, 119, 2, 1),
(2507, 6, 55, 119, 2, 1),
(2508, 6, 56, 119, 2, 1),
(2509, 6, 57, 119, 2, 1),
(2510, 6, 58, 119, 2, 1),
(2511, 6, 59, 119, -1, 1),
(2512, 6, 60, 119, 0, 0),
(2513, 6, 61, 119, 2, 1),
(2514, 6, 62, 119, 2, 1),
(2515, 6, 63, 119, 2, 1),
(2516, 6, 64, 119, 2, 1),
(2517, 6, 65, 119, 2, 1),
(2518, 6, 66, 119, 2, 1),
(2519, 6, 67, 119, 2, 1),
(2520, 6, 68, 119, 2, 1),
(2521, 6, 49, 122, 2, 1),
(2522, 6, 50, 122, 0, 0),
(2523, 6, 51, 122, 2, 1),
(2524, 6, 52, 122, 0, 0),
(2525, 6, 53, 122, 2, 1),
(2526, 6, 54, 122, 2, 1),
(2527, 6, 55, 122, 2, 1),
(2528, 6, 56, 122, 2, 1),
(2529, 6, 57, 122, 0, 0),
(2530, 6, 58, 122, 2, 1),
(2531, 6, 59, 122, 2, 1),
(2532, 6, 60, 122, 2, 1),
(2533, 6, 61, 122, 2, 1),
(2534, 6, 62, 122, 2, 1),
(2535, 6, 63, 122, 2, 1),
(2536, 6, 64, 122, 0, 1),
(2537, 6, 65, 122, 0, 0),
(2538, 6, 66, 122, 2, 1),
(2539, 6, 67, 122, 2, 1),
(2540, 6, 68, 122, 2, 1),
(2541, 6, 49, 126, 2, 1),
(2542, 6, 50, 126, 2, 1),
(2543, 6, 51, 126, 2, 1),
(2544, 6, 52, 126, 2, 1),
(2545, 6, 53, 126, 2, 1),
(2546, 6, 54, 126, 2, 1),
(2547, 6, 55, 126, 2, 1),
(2548, 6, 56, 126, 2, 1),
(2549, 6, 57, 126, 2, 1),
(2550, 6, 58, 126, 2, 1),
(2551, 6, 59, 126, 2, 1),
(2552, 6, 60, 126, 2, 1),
(2553, 6, 61, 126, 2, 1),
(2554, 6, 62, 126, 2, 1),
(2555, 6, 63, 126, 2, 1),
(2556, 6, 64, 126, 2, 1),
(2557, 6, 65, 126, 2, 1),
(2558, 6, 66, 126, 2, 1),
(2559, 6, 67, 126, 2, 1),
(2560, 6, 68, 126, 2, 1),
(2561, 6, 49, 128, 2, 1),
(2562, 6, 50, 128, 2, 1),
(2563, 6, 51, 128, 2, 1),
(2564, 6, 52, 128, 2, 1),
(2565, 6, 53, 128, 2, 1),
(2566, 6, 54, 128, 2, 1),
(2567, 6, 55, 128, 2, 1),
(2568, 6, 56, 128, 2, 1),
(2569, 6, 57, 128, 2, 1),
(2570, 6, 58, 128, 2, 1),
(2571, 6, 59, 128, 2, 1),
(2572, 6, 60, 128, 2, 1),
(2573, 6, 61, 128, 2, 1),
(2574, 6, 62, 128, 2, 1),
(2575, 6, 63, 128, 2, 1),
(2576, 6, 64, 128, 2, 1),
(2577, 6, 65, 128, 2, 1),
(2578, 6, 66, 128, 2, 1),
(2579, 6, 67, 128, 2, 1),
(2580, 6, 68, 128, 2, 1),
(2581, 6, 49, 130, 2, 1),
(2582, 6, 50, 130, 0, 0),
(2583, 6, 51, 130, 2, 1),
(2584, 6, 52, 130, 2, 1),
(2585, 6, 53, 130, 2, 1),
(2586, 6, 54, 130, 2, 1),
(2587, 6, 55, 130, 2, 1),
(2588, 6, 56, 130, 2, 1),
(2589, 6, 57, 130, 2, 1),
(2590, 6, 58, 130, 2, 1),
(2591, 6, 59, 130, 2, 1),
(2592, 6, 60, 130, 2, 1),
(2593, 6, 61, 130, -1, 1),
(2594, 6, 62, 130, 2, 1),
(2595, 6, 63, 130, -1, 1),
(2596, 6, 64, 130, 2, 1),
(2597, 6, 65, 130, 0, 0),
(2598, 6, 66, 130, 0, 0),
(2599, 6, 67, 130, 0, 0),
(2600, 6, 68, 130, 0, 0),
(2601, 6, 49, 134, 2, 1),
(2602, 6, 50, 134, 2, 1),
(2603, 6, 51, 134, 0, 0),
(2604, 6, 52, 134, 0, 0),
(2605, 6, 53, 134, 2, 1),
(2606, 6, 54, 134, 0, 0),
(2607, 6, 55, 134, 2, 1),
(2608, 6, 56, 134, 0, 0),
(2609, 6, 57, 134, 2, 1),
(2610, 6, 58, 134, 2, 1),
(2611, 6, 59, 134, 2, 1),
(2612, 6, 60, 134, 2, 1),
(2613, 6, 61, 134, 2, 1),
(2614, 6, 62, 134, 0, 0),
(2615, 6, 63, 134, 0, 0),
(2616, 6, 64, 134, 2, 1),
(2617, 6, 65, 134, 2, 1),
(2618, 6, 66, 134, 2, 1),
(2619, 6, 67, 134, 2, 1),
(2620, 6, 68, 134, 0, 0);

-- --------------------------------------------------------

--
-- Table structure for table `student_quiz_question_answer`
--

CREATE TABLE `student_quiz_question_answer` (
  `student_quiz_question_id` int(11) NOT NULL,
  `answer_id` int(11) NOT NULL,
  `marks` double NOT NULL
) ENGINE=InnoDB DEFAULT CHARSET=latin1;

--
-- Dumping data for table `student_quiz_question_answer`
--

INSERT INTO `student_quiz_question_answer` (`student_quiz_question_id`, `answer_id`, `marks`) VALUES
(1, 5, 2),
(2, 12, 2),
(3, 18, 2),
(4, 24, 2),
(5, 29, 2),
(6, 36, 2),
(7, 41, 2),
(8, 43, 2),
(9, 52, 2),
(10, 57, 2),
(11, 62, 2),
(12, 68, 2),
(13, 74, 2),
(14, 80, 2),
(15, 86, 2),
(16, 94, 2),
(17, 100, 2),
(18, 0, 2),
(19, 111, 2),
(20, 119, 2),
(21, 5, 2),
(22, 12, 2),
(23, 18, 2),
(24, 24, 2),
(25, 29, 2),
(26, 36, 2),
(27, 41, 2),
(28, 43, 2),
(29, 52, 2),
(30, 57, 2),
(31, 62, 2),
(32, 68, 2),
(33, 74, 2),
(34, 80, 2),
(35, 86, 2),
(36, 94, 2),
(37, 100, 2),
(38, 104, 2),
(39, 111, 2),
(40, 119, 2),
(41, 5, 2),
(42, 7, -0.66),
(43, 15, -0.66),
(44, 22, -0.66),
(45, 29, 2),
(46, 36, 2),
(47, 41, 2),
(48, 43, 2),
(49, 52, 2),
(50, 57, 2),
(51, 62, 2),
(52, 68, 2),
(53, 74, 2),
(54, 80, 2),
(55, 86, 2),
(56, 94, 2),
(57, 100, 2),
(58, 104, 2),
(59, 111, 2),
(60, 119, 2),
(61, 5, 2),
(62, 12, 2),
(63, 18, 2),
(64, 24, 2),
(65, 27, -0.66),
(66, 36, 2),
(67, 41, 2),
(68, 45, -0.66),
(69, 52, 2),
(70, 57, 2),
(71, 62, 2),
(72, 68, 2),
(73, 74, 2),
(74, 80, 2),
(75, 86, 2),
(76, 94, 2),
(77, 100, 2),
(78, 104, 2),
(79, 108, -0.66),
(80, 119, 2),
(81, 0, 0),
(82, 0, 0),
(83, 18, 2),
(84, 24, 2),
(85, 28, -0.66),
(86, 36, 2),
(87, 38, -0.66),
(88, 46, -0.66),
(89, 52, 2),
(90, 54, -0.66),
(91, 0, 0),
(92, 0, 0),
(93, 74, 2),
(94, 80, 2),
(95, 86, 2),
(96, 90, -0.66),
(97, 100, 2),
(98, 102, -0.66),
(99, 109, -0.66),
(100, 119, 2),
(101, 5, 2),
(102, 12, 2),
(103, 18, 2),
(104, 24, 2),
(105, 29, 2),
(106, 36, 2),
(107, 41, 2),
(108, 50, -0.66),
(109, 52, 2),
(110, 57, 2),
(111, 62, 2),
(112, 68, 2),
(113, 74, 2),
(114, 80, 2),
(115, 86, 2),
(116, 94, 2),
(117, 100, 2),
(118, 104, 2),
(119, 111, 2),
(120, 119, 2),
(121, 5, 2),
(122, 12, 2),
(123, 18, 2),
(124, 24, 2),
(125, 29, 2),
(126, 36, 2),
(127, 41, 2),
(128, 48, -0.66),
(129, 52, 2),
(130, 57, 2),
(131, 62, 2),
(132, 64, -0.66),
(133, 74, 2),
(134, 80, 2),
(135, 86, 2),
(136, 94, 2),
(137, 100, 2),
(138, 104, 2),
(139, 111, 2),
(140, 119, 2),
(141, 5, 2),
(142, 12, 2),
(143, 0, 0),
(144, 0, 0),
(145, 29, 2),
(146, 36, 2),
(147, 41, 2),
(148, 0, 0),
(149, 0, 0),
(150, 0, 0),
(151, 0, 0),
(152, 0, 0),
(153, 0, 0),
(154, 0, 0),
(155, 0, 0),
(156, 92, -0.66),
(157, 100, 2),
(158, 0, 0),
(159, 0, 0),
(160, 0, 0),
(161, 5, 2),
(162, 12, 2),
(163, 18, 2),
(164, 24, 2),
(165, 29, 2),
(166, 36, 2),
(167, 41, 2),
(168, 43, 2),
(169, 52, 2),
(170, 57, 2),
(171, 62, 2),
(172, 68, 2),
(173, 74, 2),
(174, 80, 2),
(175, 86, 2),
(176, 94, 2),
(177, 100, 2),
(178, 104, 2),
(179, 111, 2),
(180, 119, 2),
(181, 5, 2),
(182, 12, 2),
(183, 0, 0),
(184, 0, 0),
(185, 29, 2),
(186, 36, 2),
(187, 41, 2),
(188, 0, 0),
(189, 0, 0),
(190, 0, 0),
(191, 0, 0),
(192, 0, 0),
(193, 0, 0),
(194, 0, 0),
(195, 0, 0),
(196, 92, -0.66),
(197, 100, 2),
(198, 0, 0),
(199, 0, 0),
(200, 0, 0),
(201, 5, 2),
(202, 12, 2),
(203, 18, 2),
(204, 24, 2),
(205, 29, 2),
(206, 36, 2),
(207, 41, 2),
(208, 40, -0.66),
(209, 52, 2),
(210, 57, 2),
(211, 62, 2),
(212, 64, -0.66),
(213, 74, 2),
(214, 80, 2),
(215, 86, 2),
(216, 94, 2),
(217, 100, 2),
(218, 104, 2),
(219, 111, 2),
(220, 119, 2),
(221, 5, 2),
(222, 12, 2),
(223, 0, 0),
(224, 0, 0),
(225, 29, 2),
(226, 36, 2),
(227, 41, 2),
(228, 0, 0),
(229, 0, 0),
(230, 0, 0),
(231, 0, 0),
(232, 0, 0),
(233, 0, 0),
(234, 0, 0),
(235, 0, 0),
(236, 90, -0.66),
(237, 100, 2),
(238, 0, 0),
(239, 0, 0),
(240, 0, 0),
(241, 5, 2),
(242, 12, 2),
(243, 18, 2),
(244, 24, 2),
(245, 29, 2),
(246, 36, 2),
(247, 41, 2),
(248, 43, 2),
(249, 52, 2),
(250, 57, 2),
(251, 62, 2),
(252, 68, 2),
(253, 74, 2),
(254, 80, 2),
(255, 86, 2),
(256, 94, 2),
(257, 100, 2),
(258, 104, 2),
(259, 111, 2),
(260, 119, 2),
(261, 5, 2),
(262, 12, 2),
(263, 18, 2),
(264, 24, 2),
(265, 29, 2),
(266, 36, 2),
(267, 41, 2),
(268, 43, 2),
(269, 52, 2),
(270, 57, 2),
(271, 62, 2),
(272, 68, 2),
(273, 74, 2),
(274, 80, 2),
(275, 86, 2),
(276, 94, 2),
(277, 100, 2),
(278, 104, 2),
(279, 111, 2),
(280, 119, 2),
(281, 5, 2),
(282, 12, 2),
(283, 18, 2),
(284, 24, 2),
(285, 29, 2),
(286, 36, 2),
(287, 41, 2),
(288, 43, 2),
(289, 52, 2),
(290, 57, 2),
(291, 62, 2),
(292, 68, 2),
(293, 74, 2),
(294, 80, 2),
(295, 86, 2),
(296, 94, 2),
(297, 100, 2),
(298, 104, 2),
(299, 111, 2),
(300, 119, 2),
(301, 5, 2),
(302, 12, 2),
(303, 18, 2),
(304, 24, 2),
(305, 29, 2),
(306, 36, 2),
(307, 41, 2),
(308, 42, -0.66),
(309, 52, 2),
(310, 57, 2),
(311, 62, 2),
(312, 68, 2),
(313, 74, 2),
(314, 80, 2),
(315, 86, 2),
(316, 94, 2),
(317, 100, 2),
(318, 104, 2),
(319, 111, 2),
(320, 119, 2),
(321, 5, 2),
(322, 12, 2),
(323, 18, 2),
(324, 24, 2),
(325, 29, 2),
(326, 36, 2),
(327, 41, 2),
(328, 43, 2),
(329, 52, 2),
(330, 57, 2),
(331, 62, 2),
(332, 68, 2),
(333, 74, 2),
(334, 80, 2),
(335, 86, 2),
(336, 94, 2),
(337, 100, 2),
(338, 104, 2),
(339, 111, 2),
(340, 119, 2),
(341, 3, -0.66),
(342, 10, -0.66),
(343, 15, -0.66),
(344, 24, 2),
(345, 29, 2),
(346, 33, -0.66),
(347, 41, 2),
(348, 45, -0.66),
(349, 51, -0.66),
(350, 57, 2),
(351, 62, 2),
(352, 66, -0.66),
(353, 74, 2),
(354, 77, -0.66),
(355, 84, -0.66),
(356, 90, -0.66),
(357, 100, 2),
(358, 97, -0.66),
(359, 111, 2),
(360, 117, -0.66),
(361, 5, 2),
(362, 12, 2),
(363, 18, 2),
(364, 24, 2),
(365, 29, 2),
(366, 36, 2),
(367, 41, 2),
(368, 43, 2),
(369, 52, 2),
(370, 57, 2),
(371, 62, 2),
(372, 68, 2),
(373, 74, 2),
(374, 80, 2),
(375, 86, 2),
(376, 94, 2),
(377, 100, 2),
(378, 104, 2),
(379, 111, 2),
(380, 119, 2),
(381, 5, 2),
(382, 12, 2),
(383, 18, 2),
(384, 24, 2),
(385, 29, 2),
(386, 36, 2),
(387, 41, 2),
(388, 43, 2),
(389, 52, 2),
(390, 57, 2),
(391, 62, 2),
(392, 68, 2),
(393, 74, 2),
(394, 80, 2),
(395, 86, 2),
(396, 94, 2),
(397, 100, 2),
(398, 104, 2),
(399, 111, 2),
(400, 119, 2),
(401, 5, 2),
(402, 12, 2),
(403, 18, 2),
(404, 24, 2),
(405, 29, 2),
(406, 36, 2),
(407, 41, 2),
(408, 43, 2),
(409, 52, 2),
(410, 57, 2),
(411, 62, 2),
(412, 68, 2),
(413, 74, 2),
(414, 80, 2),
(415, 86, 2),
(416, 94, 2),
(417, 100, 2),
(418, 104, 2),
(419, 111, 2),
(420, 119, 2),
(421, 0, 0),
(422, 0, 0),
(423, 18, 2),
(424, 24, 2),
(425, 26, -0.66),
(426, 36, 2),
(427, 33, -0.66),
(428, 44, -0.66),
(429, 52, 2),
(430, 53, -0.66),
(431, 0, 0),
(432, 0, 0),
(433, 74, 2),
(434, 80, 2),
(435, 86, 2),
(436, 93, -0.66),
(437, 100, 2),
(438, 103, -0.66),
(439, 108, -0.66),
(440, 119, 2),
(441, 5, 2),
(442, 11, -0.66),
(443, 16, -0.66),
(444, 22, -0.66),
(445, 29, 2),
(446, 36, 2),
(447, 41, 2),
(448, 43, 2),
(449, 52, 2),
(450, 57, 2),
(451, 62, 2),
(452, 68, 2),
(453, 74, 2),
(454, 80, 2),
(455, 86, 2),
(456, 94, 2),
(457, 100, 2),
(458, 104, 2),
(459, 111, 2),
(460, 119, 2),
(461, 2, -0.66),
(462, 11, -0.66),
(463, 16, -0.66),
(464, 24, 2),
(465, 29, 2),
(466, 33, -0.66),
(467, 41, 2),
(468, 42, -0.66),
(469, 50, -0.66),
(470, 57, 2),
(471, 62, 2),
(472, 66, -0.66),
(473, 74, 2),
(474, 76, -0.66),
(475, 84, -0.66),
(476, 92, -0.66),
(477, 100, 2),
(478, 104, -0.66),
(479, 111, 2),
(480, 119, -0.66),
(481, 1, -0.66),
(482, 12, 2),
(483, 18, 2),
(484, 22, -0.66),
(485, 29, 2),
(486, 36, 2),
(487, 40, -0.66),
(488, 43, 2),
(489, 52, 2),
(490, 55, -0.66),
(491, 62, 2),
(492, 68, 2),
(493, 71, -0.66),
(494, 79, -0.66),
(495, 86, 2),
(496, 94, 2),
(497, 100, 2),
(498, 104, 2),
(499, 110, -0.66),
(500, 119, 2),
(501, 5, 2),
(502, 11, -0.66),
(503, 15, -0.66),
(504, 20, -0.66),
(505, 29, 2),
(506, 36, 2),
(507, 41, 2),
(508, 43, 2),
(509, 52, 2),
(510, 57, 2),
(511, 62, 2),
(512, 68, 2),
(513, 74, 2),
(514, 80, 2),
(515, 86, 2),
(516, 94, 2),
(517, 100, 2),
(518, 104, 2),
(519, 111, 2),
(520, 119, 2),
(521, 5, 2),
(522, 12, 2),
(523, 18, 2),
(524, 24, 2),
(525, 25, -0.66),
(526, 36, 2),
(527, 41, 2),
(528, 44, -0.66),
(529, 52, 2),
(530, 57, 2),
(531, 62, 2),
(532, 68, 2),
(533, 74, 2),
(534, 80, 2),
(535, 86, 2),
(536, 94, 2),
(537, 100, 2),
(538, 104, 2),
(539, 109, -0.66),
(540, 119, 2),
(541, 0, 0),
(542, 0, 0),
(543, 18, 2),
(544, 24, 2),
(545, 25, -0.66),
(546, 36, 2),
(547, 40, -0.66),
(548, 44, -0.66),
(549, 52, 2),
(550, 55, -0.66),
(551, 62, 0),
(552, 68, 0),
(553, 74, 2),
(554, 80, 2),
(555, 86, 2),
(556, 91, -0.66),
(557, 100, 2),
(558, 103, -0.66),
(559, 109, -0.66),
(560, 119, 2),
(561, 5, 2),
(562, 12, 2),
(563, 18, 2),
(564, 24, 2),
(565, 29, 2),
(566, 36, 2),
(567, 41, 2),
(568, 43, 2),
(569, 52, 2),
(570, 57, 2),
(571, 62, 2),
(572, 68, 2),
(573, 74, 2),
(574, 80, 2),
(575, 86, 2),
(576, 94, 2),
(577, 100, 2),
(578, 104, 2),
(579, 111, 2),
(580, 119, 2),
(581, 5, 2),
(582, 12, 2),
(583, 18, 2),
(584, 24, 2),
(585, 29, 2),
(586, 36, 2),
(587, 41, 2),
(588, 43, 2),
(589, 52, 2),
(590, 57, 2),
(591, 62, 2),
(592, 68, 2),
(593, 74, 2),
(594, 80, 2),
(595, 86, 2),
(596, 94, 2),
(597, 100, 2),
(598, 104, 2),
(599, 111, 2),
(600, 119, 2),
(601, 5, 2),
(602, 10, -0.66),
(603, 17, -0.66),
(604, 22, -0.66),
(605, 29, 2),
(606, 36, 2),
(607, 41, 2),
(608, 43, 2),
(609, 52, 2),
(610, 57, 2),
(611, 62, 2),
(612, 68, 2),
(613, 74, 2),
(614, 80, 2),
(615, 86, 2),
(616, 94, 2),
(617, 100, 2),
(618, 104, 2),
(619, 111, 2),
(620, 119, 2),
(621, 2, 2),
(622, 12, 2),
(623, 18, 2),
(624, 24, 2),
(625, 26, -0.66),
(626, 36, 2),
(627, 41, 2),
(628, 44, -0.66),
(629, 52, 2),
(630, 57, 2),
(631, 62, 2),
(632, 68, 2),
(633, 74, 2),
(634, 80, 2),
(635, 86, 2),
(636, 94, 2),
(637, 100, 2),
(638, 104, 2),
(639, 109, -0.66),
(640, 119, 2),
(641, 1, -0.66),
(642, 12, 2),
(643, 18, 2),
(644, 20, -0.66),
(645, 29, 2),
(646, 36, 2),
(647, 40, -0.66),
(648, 43, 2),
(649, 52, 2),
(650, 54, -0.66),
(651, 62, 2),
(652, 68, 2),
(653, 70, -0.66),
(654, 79, -0.66),
(655, 86, 2),
(656, 94, 2),
(657, 100, 2),
(658, 104, 2),
(659, 109, -0.66),
(660, 119, 2),
(661, 5, 2),
(662, 12, 2),
(663, 18, 2),
(664, 24, 2),
(665, 29, 2),
(666, 36, 2),
(667, 41, 2),
(668, 43, 2),
(669, 52, 2),
(670, 57, 2),
(671, 62, 2),
(672, 68, 2),
(673, 74, 2),
(674, 80, 2),
(675, 86, 2),
(676, 94, 2),
(677, 100, 2),
(678, 104, 2),
(679, 111, 2),
(680, 119, 2),
(681, 5, 2),
(682, 12, 2),
(683, 18, 2),
(684, 24, 2),
(685, 29, 2),
(686, 36, 2),
(687, 41, 2),
(688, 43, 2),
(689, 52, 2),
(690, 57, 2),
(691, 62, 2),
(692, 68, 2),
(693, 74, 2),
(694, 80, 2),
(695, 86, 2),
(696, 94, 2),
(697, 100, 2),
(698, 104, 2),
(699, 111, 2),
(700, 119, 2),
(701, 5, 2),
(702, 11, -0.66),
(703, 17, -0.66),
(704, 23, -0.66),
(705, 29, 2),
(706, 36, 2),
(707, 41, 2),
(708, 43, 2),
(709, 52, 2),
(710, 57, 2),
(711, 62, 2),
(712, 68, 2),
(713, 74, 2),
(714, 80, 2),
(715, 86, 2),
(716, 94, 2),
(717, 100, 2),
(718, 104, 2),
(719, 111, 2),
(720, 119, 2),
(721, 5, 2),
(722, 12, 2),
(723, 18, 2),
(724, 24, 2),
(725, 28, -0.66),
(726, 36, 2),
(727, 41, 2),
(728, 44, -0.66),
(729, 52, 2),
(730, 57, 2),
(731, 62, 2),
(732, 68, 2),
(733, 74, 2),
(734, 80, 2),
(735, 86, 2),
(736, 94, 2),
(737, 100, 2),
(738, 104, 2),
(739, 109, -0.66),
(740, 119, 2),
(741, 2, -0.66),
(742, 12, 2),
(743, 18, 2),
(744, 22, -0.66),
(745, 29, 2),
(746, 36, 2),
(747, 40, -0.66),
(748, 43, 2),
(749, 52, 2),
(750, 55, -0.66),
(751, 62, 2),
(752, 68, 2),
(753, 72, -0.66),
(754, 78, -0.66),
(755, 86, 2),
(756, 94, 2),
(757, 100, 2),
(758, 104, 2),
(759, 106, -0.66),
(760, 119, 2),
(761, 5, 2),
(762, 12, 2),
(763, 18, 2),
(764, 24, 2),
(765, 29, 2),
(766, 36, 2),
(767, 41, 2),
(768, 43, 2),
(769, 52, 2),
(770, 57, 2),
(771, 62, 2),
(772, 68, 2),
(773, 74, 2),
(774, 80, 2),
(775, 86, 2),
(776, 94, 2),
(777, 100, 2),
(778, 104, 2),
(779, 111, 2),
(780, 119, 2),
(781, 5, 2),
(782, 12, 2),
(783, 18, 2),
(784, 24, 2),
(785, 29, 2),
(786, 36, 2),
(787, 41, 2),
(788, 43, 2),
(789, 52, 2),
(790, 57, 2),
(791, 62, 2),
(792, 68, 2),
(793, 74, 2),
(794, 80, 2),
(795, 86, 2),
(796, 94, 2),
(797, 100, 2),
(798, 104, 2),
(799, 111, 2),
(800, 119, 2),
(801, 5, 2),
(802, 12, 2),
(803, 18, 2),
(804, 24, 2),
(805, 29, 2),
(806, 36, 2),
(807, 41, 2),
(808, 43, 2),
(809, 52, 2),
(810, 57, 2),
(811, 62, 2),
(812, 68, 2),
(813, 74, 2),
(814, 80, 2),
(815, 86, 2),
(816, 94, 2),
(817, 100, 2),
(818, 104, 2),
(819, 111, 2),
(820, 119, 2),
(821, 5, 2),
(822, 12, 2),
(823, 18, 2),
(824, 24, 2),
(825, 29, 2),
(826, 36, 2),
(827, 41, 2),
(828, 43, 2),
(829, 52, 2),
(830, 57, 2),
(831, 62, 2),
(832, 68, 2),
(833, 74, 2),
(834, 80, 2),
(835, 86, 2),
(836, 94, 2),
(837, 100, 2),
(838, 104, 2),
(839, 111, 2),
(840, 119, 2),
(841, 5, 2),
(842, 12, 2),
(843, 18, 2),
(844, 24, 2),
(845, 29, 2),
(846, 36, 2),
(847, 41, 2),
(848, 43, 2),
(849, 52, 2),
(850, 57, 2),
(851, 62, 2),
(852, 68, 2),
(853, 74, 2),
(854, 80, 2),
(855, 86, 2),
(856, 94, 2),
(857, 100, 2),
(858, 104, 2),
(859, 111, 2),
(860, 119, 2),
(861, 5, 2),
(862, 12, 2),
(863, 18, 2),
(864, 24, 2),
(865, 29, 2),
(866, 36, 2),
(867, 41, 2),
(868, 45, -0.66),
(869, 52, 2),
(870, 57, 2),
(871, 62, 2),
(872, 68, 2),
(873, 74, 2),
(874, 80, 2),
(875, 86, 2),
(876, 94, 2),
(877, 100, 2),
(878, 104, 2),
(879, 111, 2),
(880, 119, 2),
(881, 5, 2),
(882, 12, 2),
(883, 18, 2),
(884, 24, 2),
(885, 29, 2),
(886, 36, 2),
(887, 41, 2),
(888, 42, -0.66),
(889, 52, 2),
(890, 57, 2),
(891, 62, 2),
(892, 68, 2),
(893, 74, 2),
(894, 80, 2),
(895, 86, 2),
(896, 94, 2),
(897, 100, 2),
(898, 104, 2),
(899, 111, 2),
(900, 119, 2),
(901, 5, 2),
(902, 12, 2),
(903, 18, 2),
(904, 24, 2),
(905, 29, 2),
(906, 36, 2),
(907, 41, 2),
(908, 43, 2),
(909, 52, 2),
(910, 57, 2),
(911, 62, 2),
(912, 68, 2),
(913, 74, 2),
(914, 80, 2),
(915, 86, 2),
(916, 94, 2),
(917, 100, 2),
(918, 104, 2),
(919, 111, 2),
(920, 119, 2),
(921, 5, 2),
(922, 12, 2),
(923, 18, 2),
(924, 24, 2),
(925, 29, 2),
(926, 36, 2),
(927, 41, 2),
(928, 43, 2),
(929, 52, 2),
(930, 57, 2),
(931, 62, 2),
(932, 68, 2),
(933, 74, 2),
(934, 80, 2),
(935, 86, 2),
(936, 94, 2),
(937, 100, 2),
(938, 104, 2),
(939, 111, 2),
(940, 119, 2),
(941, 5, 2),
(942, 12, 2),
(943, 18, 2),
(944, 24, 2),
(945, 29, 2),
(946, 36, 2),
(947, 41, 2),
(948, 43, 2),
(949, 52, 2),
(950, 57, 2),
(951, 62, 2),
(952, 68, 2),
(953, 74, 2),
(954, 80, 2),
(955, 86, 2),
(956, 94, 2),
(957, 100, 2),
(958, 104, 2),
(959, 111, 2),
(960, 119, 2),
(961, 5, 2),
(962, 12, 2),
(963, 18, 2),
(964, 24, 2),
(965, 29, 2),
(966, 36, 2),
(967, 41, 2),
(968, 43, 2),
(969, 52, 2),
(970, 57, 2),
(971, 62, 2),
(972, 68, 2),
(973, 74, 2),
(974, 80, 2),
(975, 86, 2),
(976, 94, 2),
(977, 100, 2),
(978, 104, 2),
(979, 111, 2),
(980, 119, 2),
(981, 125, 2),
(982, 131, 2),
(983, 136, 2),
(984, 141, 2),
(985, 147, 2),
(986, 152, 2),
(987, 157, 2),
(988, 163, 2),
(989, 169, 2),
(990, 176, 2),
(991, 182, 2),
(992, 187, 2),
(993, 192, 2),
(994, 197, 2),
(995, 203, 2),
(996, 208, 2),
(997, 213, 2),
(998, 218, 2),
(999, 223, 2),
(1000, 228, 2),
(1001, 125, 2),
(1002, 131, 2),
(1003, 136, 2),
(1004, 141, 2),
(1005, 147, 2),
(1006, 152, 2),
(1007, 157, 2),
(1008, 163, 2),
(1009, 169, 2),
(1010, 176, 2),
(1011, 182, 2),
(1012, 187, 2),
(1013, 192, 2),
(1014, 197, 2),
(1015, 203, 2),
(1016, 208, 2),
(1017, 213, 2),
(1018, 218, 2),
(1019, 223, 2),
(1020, 228, 2),
(1021, 125, 2),
(1022, 131, 2),
(1023, 136, 2),
(1024, 141, 2),
(1025, 147, 2),
(1026, 152, 2),
(1027, 157, 2),
(1028, 163, 2),
(1029, 169, 2),
(1030, 176, 2),
(1031, 182, 2),
(1032, 187, 2),
(1033, 192, 2),
(1034, 197, 2),
(1035, 203, 2),
(1036, 208, 2),
(1037, 213, 2),
(1038, 218, 2),
(1039, 223, 2),
(1040, 228, 2),
(1041, 125, 2),
(1042, 131, 2),
(1043, 136, 2),
(1044, 141, 2),
(1045, 147, 2),
(1046, 152, 2),
(1047, 157, 2),
(1048, 163, 2),
(1049, 169, 2),
(1050, 176, 2),
(1051, 182, 2),
(1052, 187, 2),
(1053, 192, 2),
(1054, 197, 2),
(1055, 203, 2),
(1056, 208, 2),
(1057, 213, 2),
(1058, 218, 2),
(1059, 223, 2),
(1060, 228, 2),
(1061, 125, 2),
(1062, 131, 2),
(1063, 136, 2),
(1064, 141, 2),
(1065, 147, 2),
(1066, 152, 2),
(1067, 157, 2),
(1068, 163, 2),
(1069, 169, 2),
(1070, 176, 2),
(1071, 178, -1),
(1072, 187, 2),
(1073, 192, 2),
(1074, 197, 2),
(1075, 203, 2),
(1076, 208, 2),
(1077, 213, 2),
(1078, 218, 2),
(1079, 222, -1),
(1080, 226, -1),
(1081, 125, 2),
(1082, 131, 2),
(1083, 136, 2),
(1084, 141, 2),
(1085, 147, 2),
(1086, 152, 2),
(1087, 157, 2),
(1088, 163, 2),
(1089, 169, 2),
(1090, 176, 2),
(1091, 178, -1),
(1092, 187, 2),
(1093, 192, 2),
(1094, 197, 2),
(1095, 203, 2),
(1096, 208, 2),
(1097, 213, 2),
(1098, 218, 2),
(1099, 220, -1),
(1100, 225, -1),
(1101, 125, 2),
(1102, 131, 2),
(1103, 136, 2),
(1104, 141, 2),
(1105, 147, 2),
(1106, 152, 2),
(1107, 157, 2),
(1108, 163, 2),
(1109, 169, 2),
(1110, 176, 2),
(1111, 182, 2),
(1112, 187, 2),
(1113, 192, 2),
(1114, 0, 0),
(1115, 203, 2),
(1116, 208, 2),
(1117, 213, 2),
(1118, 218, 2),
(1119, 223, 2),
(1120, 0, 0),
(1121, 125, 2),
(1122, 131, 2),
(1123, 136, 2),
(1124, 141, 2),
(1125, 147, 2),
(1126, 152, 2),
(1127, 157, 2),
(1128, 163, 2),
(1129, 169, 2),
(1130, 176, 2),
(1131, 182, 2),
(1132, 187, 2),
(1133, 192, 2),
(1134, 0, 0),
(1135, 203, 2),
(1136, 208, 2),
(1137, 213, 2),
(1138, 218, 2),
(1139, 223, 2),
(1140, 0, 0),
(1141, 125, 2),
(1142, 131, 2),
(1143, 136, 2),
(1144, 141, 2),
(1145, 147, 2),
(1146, 152, 2),
(1147, 155, -1),
(1148, 163, 2),
(1149, 169, 2),
(1150, 176, 2),
(1151, 182, 2),
(1152, 187, 2),
(1153, 192, 2),
(1154, 197, 2),
(1155, 203, 2),
(1156, 208, 2),
(1157, 213, 2),
(1158, 218, 2),
(1159, 223, 2),
(1160, 228, 2),
(1161, 125, 2),
(1162, 131, 2),
(1163, 136, 2),
(1164, 141, 2),
(1165, 147, 2),
(1166, 152, 2),
(1167, 155, -1),
(1168, 163, 2),
(1169, 169, 2),
(1170, 176, 2),
(1171, 182, 2),
(1172, 187, 2),
(1173, 192, 2),
(1174, 197, 2),
(1175, 203, 2),
(1176, 208, 2),
(1177, 213, 2),
(1178, 218, 2),
(1179, 223, 2),
(1180, 228, 2),
(1181, 125, 2),
(1182, 131, 2),
(1183, 136, 2),
(1184, 141, 2),
(1185, 147, 2),
(1186, 152, 2),
(1187, 154, -1),
(1188, 163, 2),
(1189, 169, 2),
(1190, 176, 2),
(1191, 182, 2),
(1192, 187, 2),
(1193, 192, 2),
(1194, 197, 2),
(1195, 203, 2),
(1196, 208, 2),
(1197, 213, 2),
(1198, 218, 2),
(1199, 223, 2),
(1200, 228, 2),
(1201, 125, 2),
(1202, 131, 2),
(1203, 136, 2),
(1204, 141, 2),
(1205, 147, 2),
(1206, 152, 2),
(1207, 157, 2),
(1208, 163, 2),
(1209, 169, 2),
(1210, 176, 2),
(1211, 178, -1),
(1212, 0, 0),
(1213, 192, 2),
(1214, 197, 2),
(1215, 203, 2),
(1216, 208, 2),
(1217, 213, 2),
(1218, 218, 2),
(1219, 223, 2),
(1220, 228, 2),
(1221, 125, 2),
(1222, 131, 2),
(1223, 136, 2),
(1224, 141, 2),
(1225, 147, 2),
(1226, 152, 2),
(1227, 157, 2),
(1228, 163, 2),
(1229, 169, 2),
(1230, 176, 2),
(1231, 182, 2),
(1232, 187, 2),
(1233, 192, 2),
(1234, 197, 2),
(1235, 203, 2),
(1236, 208, 2),
(1237, 213, 2),
(1238, 218, 2),
(1239, 223, 2),
(1240, 228, 2),
(1241, 125, 2),
(1242, 131, 2),
(1243, 136, 2),
(1244, 141, 2),
(1245, 147, 2),
(1246, 152, 2),
(1247, 157, 2),
(1248, 163, 2),
(1249, 169, 2),
(1250, 176, 2),
(1251, 182, 2),
(1252, 187, 2),
(1253, 192, 2),
(1254, 197, 2),
(1255, 203, 2),
(1256, 208, 2),
(1257, 213, 2),
(1258, 218, 2),
(1259, 223, 2),
(1260, 228, 2),
(1261, 125, 2),
(1262, 131, 2),
(1263, 136, 2),
(1264, 141, 2),
(1265, 147, 2),
(1266, 152, 2),
(1267, 157, 2),
(1268, 163, 2),
(1269, 169, 2),
(1270, 176, 2),
(1271, 182, 2),
(1272, 187, 2),
(1273, 192, 2),
(1274, 197, 2),
(1275, 203, 2),
(1276, 208, 2),
(1277, 213, 2),
(1278, 218, 2),
(1279, 223, 2),
(1280, 228, 2),
(1281, 125, 2),
(1282, 131, 2),
(1283, 136, 2),
(1284, 141, 2),
(1285, 147, 2),
(1286, 152, 2),
(1287, 157, 2),
(1288, 163, 2),
(1289, 169, 2),
(1290, 176, 2),
(1291, 182, 2),
(1292, 187, 2),
(1293, 192, 2),
(1294, 197, 2),
(1295, 203, 2),
(1296, 208, 2),
(1297, 213, 2),
(1298, 218, 2),
(1299, 223, 2),
(1300, 228, 2),
(1301, 125, 2),
(1302, 131, 2),
(1303, 136, 2),
(1304, 141, 2),
(1305, 147, 2),
(1306, 152, 2),
(1307, 156, -1),
(1308, 0, 0),
(1309, 166, -1),
(1310, 176, 2),
(1311, 182, 2),
(1312, 187, 2),
(1313, 0, 0),
(1314, 197, 2),
(1315, 203, 2),
(1316, 0, 0),
(1317, 213, 2),
(1318, 218, 2),
(1319, 223, 2),
(1320, 0, 0),
(1321, 125, 2),
(1322, 131, 2),
(1323, 136, 2),
(1324, 141, 2),
(1325, 147, 2),
(1326, 152, 2),
(1327, 156, -1),
(1328, 0, 0),
(1329, 165, -1),
(1330, 176, 2),
(1331, 182, 2),
(1332, 187, 2),
(1333, 0, 0),
(1334, 197, 2),
(1335, 203, 2),
(1336, 0, 0),
(1337, 213, 2),
(1338, 218, 2),
(1339, 223, 2),
(1340, 0, 0),
(1341, 125, 2),
(1342, 131, 2),
(1343, 136, 2),
(1344, 0, 0),
(1345, 147, 2),
(1346, 152, 2),
(1347, 154, -1),
(1348, 163, 0),
(1349, 167, -1),
(1350, 176, 2),
(1351, 182, 2),
(1352, 187, 2),
(1353, 0, 0),
(1354, 197, 2),
(1355, 203, 2),
(1356, 0, 0),
(1357, 213, 2),
(1358, 218, 2),
(1359, 223, 2),
(1360, 0, 0),
(1361, 125, 2),
(1362, 131, 2),
(1363, 136, 2),
(1364, 0, 0),
(1365, 147, 2),
(1366, 152, 2),
(1367, 154, -1),
(1368, 0, 0),
(1369, 164, -1),
(1370, 176, 2),
(1371, 182, 2),
(1372, 187, 2),
(1373, 0, 0),
(1374, 197, 2),
(1375, 203, 2),
(1376, 0, 0),
(1377, 213, 2),
(1378, 218, 2),
(1379, 223, 2),
(1380, 0, 0),
(1381, 125, 2),
(1382, 131, 2),
(1383, 136, 2),
(1384, 141, 2),
(1385, 147, 2),
(1386, 0, 0),
(1387, 0, 0),
(1388, 0, 0),
(1389, 0, 0),
(1390, 0, 0),
(1391, 180, -1),
(1392, 185, -1),
(1393, 190, -1),
(1394, 195, -1),
(1395, 203, 2),
(1396, 208, 2),
(1397, 213, 2),
(1398, 218, 2),
(1399, 223, 2),
(1400, 228, 2),
(1401, 125, 2),
(1402, 131, 2),
(1403, 136, 2),
(1404, 141, 2),
(1405, 147, 2),
(1406, 152, 2),
(1407, 157, 2),
(1408, 163, 2),
(1409, 169, 2),
(1410, 176, 2),
(1411, 182, 2),
(1412, 187, 2),
(1413, 192, 2),
(1414, 197, 2),
(1415, 203, 2),
(1416, 208, 2),
(1417, 213, 2),
(1418, 218, 2),
(1419, 223, 2),
(1420, 228, 2),
(1421, 125, 2),
(1422, 131, 2),
(1423, 136, 2),
(1424, 141, 2),
(1425, 147, 2),
(1426, 152, 2),
(1427, 157, 2),
(1428, 163, 2),
(1429, 169, 2),
(1430, 176, 2),
(1431, 182, 2),
(1432, 187, 2),
(1433, 192, 2),
(1434, 197, 2),
(1435, 203, 2),
(1436, 208, 2),
(1437, 213, 2),
(1438, 218, 2),
(1439, 223, 2),
(1440, 228, 2),
(1441, 0, 2),
(1442, 280, -1),
(1443, 0, 0),
(1444, 292, 2),
(1445, 0, 0),
(1446, 300, -1),
(1447, 0, 0),
(1448, 313, 2),
(1449, 0, 0),
(1450, 324, 2),
(1451, 0, 0),
(1452, 331, 2),
(1453, 0, 0),
(1454, 0, 0),
(1455, 0, 0),
(1456, 354, 2),
(1457, 0, 0),
(1458, 0, 0),
(1459, 0, 0),
(1460, 0, 0),
(1461, 277, 2),
(1462, 282, 2),
(1463, 287, 2),
(1464, 292, 2),
(1465, 297, 2),
(1466, 302, 2),
(1467, 307, 2),
(1468, 313, 2),
(1469, 318, 2),
(1470, 324, 2),
(1471, 329, 2),
(1472, 331, 2),
(1473, 339, 2),
(1474, 344, 2),
(1475, 349, 2),
(1476, 354, 2),
(1477, 359, 2),
(1478, 364, 2),
(1479, 369, 2),
(1480, 374, 2),
(1481, 277, 2),
(1482, 278, -1),
(1483, 287, 2),
(1484, 291, -1),
(1485, 0, 0),
(1486, 302, 2),
(1487, 307, 2),
(1488, 0, 0),
(1489, 316, -1),
(1490, 0, 0),
(1491, 329, 2),
(1492, 331, 2),
(1493, 0, 0),
(1494, 0, 0),
(1495, 349, 2),
(1496, 354, 2),
(1497, 360, -1),
(1498, 361, -1),
(1499, 0, 0),
(1500, 0, 0),
(1501, 277, 2),
(1502, 0, 0),
(1503, 287, 2),
(1504, 292, 2),
(1505, 297, 2),
(1506, 302, 2),
(1507, 307, 2),
(1508, 313, 2),
(1509, 318, 2),
(1510, 324, 2),
(1511, 329, 2),
(1512, 331, 2),
(1513, 339, 2),
(1514, 344, 2),
(1515, 349, 2),
(1516, 354, 2),
(1517, 359, 2),
(1518, 364, 2),
(1519, 369, 2),
(1520, 0, 0),
(1521, 0, 0),
(1522, 0, 0),
(1523, 287, 2),
(1524, 0, 0),
(1525, 0, 0),
(1526, 0, 0),
(1527, 0, 0),
(1528, 313, 2),
(1529, 0, 0),
(1530, 0, 0),
(1531, 0, 0),
(1532, 0, 0),
(1533, 0, 0),
(1534, 344, 2),
(1535, 0, 0),
(1536, 0, 0),
(1537, 0, 0),
(1538, 0, 0),
(1539, 369, 2),
(1540, 0, 0),
(1541, 277, 2),
(1542, 282, 2),
(1543, 287, 2),
(1544, 292, 2),
(1545, 297, 2),
(1546, 302, 2),
(1547, 307, 2),
(1548, 313, 2),
(1549, 318, 2),
(1550, 324, 2),
(1551, 329, 2),
(1552, 331, 2),
(1553, 339, 2),
(1554, 344, 2),
(1555, 349, 2),
(1556, 354, 2),
(1557, 359, 2),
(1558, 364, 2),
(1559, 369, 2),
(1560, 374, 2),
(1561, 277, 2),
(1562, 282, 0),
(1563, 287, 2),
(1564, 292, 2),
(1565, 297, 2),
(1566, 302, 2),
(1567, 307, 2),
(1568, 313, 2),
(1569, 318, 2),
(1570, 324, 2),
(1571, 329, 2),
(1572, 331, 2),
(1573, 339, -1),
(1574, 344, 2),
(1575, 349, -1),
(1576, 354, 2),
(1577, 359, 0),
(1578, 364, 0),
(1579, 369, 0),
(1580, 374, 0),
(1581, 277, 2),
(1582, 282, -1),
(1583, 287, 0),
(1584, 292, 2),
(1585, 297, 2),
(1586, 302, 2),
(1587, 307, 0),
(1588, 313, 2),
(1589, 318, -1),
(1590, 324, 0),
(1591, 329, 0),
(1592, 331, 2),
(1593, 339, 0),
(1594, 344, -1),
(1595, 349, 0),
(1596, 354, -1),
(1597, 359, 0),
(1598, 364, -1),
(1599, 369, 2),
(1600, 374, 2),
(1601, 277, 2),
(1602, 282, 2),
(1603, 287, 2),
(1604, 292, 2),
(1605, 297, 2),
(1606, 302, 2),
(1607, 307, 2),
(1608, 313, 2),
(1609, 318, 2),
(1610, 324, 2),
(1611, 329, 2),
(1612, 331, 2),
(1613, 339, 2),
(1614, 344, 2),
(1615, 349, 2),
(1616, 354, 2),
(1617, 359, 2),
(1618, 364, 2),
(1619, 369, 2),
(1620, 374, 2),
(1621, 277, 2),
(1622, 282, 2),
(1623, 287, 2),
(1624, 292, 2),
(1625, 297, 2),
(1626, 302, 2),
(1627, 307, 2),
(1628, 313, 2),
(1629, 318, 2),
(1630, 324, 2),
(1631, 329, 2),
(1632, 331, 2),
(1633, 339, 2),
(1634, 344, 2),
(1635, 349, 2),
(1636, 354, 2),
(1637, 359, 2),
(1638, 364, 2),
(1639, 369, 2),
(1640, 374, 2),
(1641, 277, 2),
(1642, 282, 2),
(1643, 287, 2),
(1644, 292, 2),
(1645, 297, 2),
(1646, 302, 2),
(1647, 307, 2),
(1648, 313, 2),
(1649, 318, 2),
(1650, 324, 2),
(1651, 326, -1),
(1652, 0, 0),
(1653, 339, 2),
(1654, 344, 2),
(1655, 349, 2),
(1656, 354, 2),
(1657, 359, 2),
(1658, 364, 2),
(1659, 369, 2),
(1660, 374, 2),
(1661, 277, 2),
(1662, 0, 0),
(1663, 0, 0),
(1664, 0, 0),
(1665, 0, 0),
(1666, 302, 2),
(1667, 307, 2),
(1668, 312, -1),
(1669, 317, -1),
(1670, 0, 0),
(1671, 0, 0),
(1672, 331, 2),
(1673, 0, 0),
(1674, 0, 0),
(1675, 0, 0),
(1676, 0, 0),
(1677, 359, 2),
(1678, 0, 0),
(1679, 0, 0),
(1680, 374, 2),
(1681, 277, 2),
(1682, 282, 2),
(1683, 287, 2),
(1684, 292, 2),
(1685, 297, 2),
(1686, 302, 2),
(1687, 307, 2),
(1688, 313, 2),
(1689, 318, 2),
(1690, 324, 2),
(1691, 329, 2),
(1692, 331, 2),
(1693, 339, 2),
(1694, 344, 2),
(1695, 349, 2),
(1696, 354, 2),
(1697, 359, 2),
(1698, 364, 2),
(1699, 369, 2),
(1700, 374, 2),
(1701, 0, 0),
(1702, 0, 0),
(1703, 0, 0),
(1704, 0, 0),
(1705, 0, 0),
(1706, 302, 2),
(1707, 0, 0),
(1708, 0, 0),
(1709, 317, -1),
(1710, 324, 2),
(1711, 0, 0),
(1712, 0, 0),
(1713, 0, 0),
(1714, 344, 2),
(1715, 0, 0),
(1716, 354, 2),
(1717, 0, 0),
(1718, 0, 0),
(1719, 369, 2),
(1720, 0, 0),
(1721, 277, 2),
(1722, 0, 0),
(1723, 287, 2),
(1724, 292, 2),
(1725, 297, 2),
(1726, 302, 2),
(1727, 307, 2),
(1728, 313, 2),
(1729, 318, 2),
(1730, 324, 2),
(1731, 329, 2),
(1732, 331, 2),
(1733, 339, 2),
(1734, 344, 2),
(1735, 349, 2),
(1736, 354, 2),
(1737, 359, 2),
(1738, 364, 2),
(1739, 369, 2),
(1740, 0, 0),
(1741, 277, 2),
(1742, 0, 0),
(1743, 0, 0),
(1744, 292, 2),
(1745, 0, 0),
(1746, 0, 0),
(1747, 307, 2),
(1748, 0, 0),
(1749, 318, 2),
(1750, 0, 0),
(1751, 0, 0),
(1752, 0, 0),
(1753, 339, 2),
(1754, 0, 0),
(1755, 0, 0),
(1756, 354, 2),
(1757, 0, 0),
(1758, 363, -1),
(1759, 368, -1),
(1760, 374, 2),
(1761, 277, 2),
(1762, 282, 2),
(1763, 287, 2),
(1764, 292, 2),
(1765, 297, 2),
(1766, 302, 2),
(1767, 307, 2),
(1768, 313, 2),
(1769, 318, 2),
(1770, 324, 2),
(1771, 329, 2),
(1772, 331, 2),
(1773, 339, 2),
(1774, 344, 2),
(1775, 349, 2),
(1776, 354, 2),
(1777, 359, 2),
(1778, 364, 2),
(1779, 369, 2),
(1780, 374, 2),
(1781, 277, 2),
(1782, 282, 2),
(1783, 287, 2),
(1784, 292, 2),
(1785, 297, 2),
(1786, 302, 2),
(1787, 307, 2),
(1788, 313, 2),
(1789, 318, 2),
(1790, 324, 2),
(1791, 329, 2),
(1792, 331, 2),
(1793, 339, 2),
(1794, 344, 2),
(1795, 349, 2),
(1796, 354, 2),
(1797, 359, 2),
(1798, 364, 2),
(1799, 369, 2),
(1800, 374, 2),
(1801, 277, 2),
(1802, 282, 2),
(1803, 287, 2),
(1804, 292, 2),
(1805, 297, 2),
(1806, 302, 2),
(1807, 307, 2),
(1808, 313, 2),
(1809, 318, 2),
(1810, 324, 2),
(1811, 329, 2),
(1812, 331, 2),
(1813, 339, 2),
(1814, 344, 2),
(1815, 349, 2),
(1816, 354, 2),
(1817, 359, 2),
(1818, 364, 2),
(1819, 369, 2),
(1820, 374, 2),
(1821, 277, 2),
(1822, 0, 0),
(1823, 287, 2),
(1824, 291, -1),
(1825, 297, 2),
(1826, 302, 2),
(1827, 0, 0),
(1828, 312, -1),
(1829, 318, 2),
(1830, 0, 0),
(1831, 329, 2),
(1832, 0, 0),
(1833, 0, 0),
(1834, 344, 2),
(1835, 0, 0),
(1836, 354, 2),
(1837, 0, 0),
(1838, 364, 2),
(1839, 367, -1),
(1840, 0, 0),
(1841, 277, 2),
(1842, 282, 2),
(1843, 287, 2),
(1844, 292, 2),
(1845, 297, 2),
(1846, 302, 2),
(1847, 307, 2),
(1848, 313, 2),
(1849, 318, 2),
(1850, 324, 2),
(1851, 328, -1),
(1852, 0, 0),
(1853, 339, 2),
(1854, 344, 2),
(1855, 349, 2),
(1856, 354, 2),
(1857, 359, 2),
(1858, 364, 2),
(1859, 369, 2),
(1860, 374, 2),
(1861, 277, 2),
(1862, 282, 2),
(1863, 287, 2),
(1864, 292, 2),
(1865, 297, 2),
(1866, 302, 2),
(1867, 307, 2),
(1868, 313, 2),
(1869, 318, 2),
(1870, 324, 2),
(1871, 327, -1),
(1872, 0, 0),
(1873, 339, 2),
(1874, 344, 2),
(1875, 349, 2),
(1876, 354, 2),
(1877, 359, 2),
(1878, 364, 2),
(1879, 369, 2),
(1880, 374, 2),
(1881, 277, 2),
(1882, 282, 2),
(1883, 287, 2),
(1884, 292, 2),
(1885, 297, 2),
(1886, 302, 2),
(1887, 307, 2),
(1888, 313, 2),
(1889, 318, 2),
(1890, 324, 2),
(1891, 326, -1),
(1892, 0, 0),
(1893, 339, 2),
(1894, 344, 2),
(1895, 349, 2),
(1896, 354, 2),
(1897, 359, 2),
(1898, 364, 2),
(1899, 369, 2),
(1900, 374, 2),
(1901, 277, 2),
(1902, 282, 2),
(1903, 287, 2),
(1904, 292, 2),
(1905, 297, 2),
(1906, 302, 2),
(1907, 307, 2),
(1908, 313, 2),
(1909, 318, 2),
(1910, 324, 2),
(1911, 329, 2),
(1912, 331, 2),
(1913, 339, 2),
(1914, 344, 2),
(1915, 349, 2),
(1916, 354, 2),
(1917, 359, 2),
(1918, 364, 2),
(1919, 369, 2),
(1920, 374, 2),
(1921, 277, 2),
(1922, 282, 2),
(1923, 287, 2),
(1924, 292, 2),
(1925, 297, 2),
(1926, 302, 2),
(1927, 307, 2),
(1928, 313, 2),
(1929, 318, 2),
(1930, 324, 2),
(1931, 329, 2),
(1932, 331, 2),
(1933, 339, 2),
(1934, 344, 2),
(1935, 349, 2),
(1936, 354, 2),
(1937, 359, 2),
(1938, 364, 2),
(1939, 369, 2),
(1940, 374, 2),
(1941, 277, 2),
(1942, 282, 2),
(1943, 287, 2),
(1944, 292, 2),
(1945, 297, 2),
(1946, 302, 2),
(1947, 307, 2),
(1948, 313, 2),
(1949, 318, 2),
(1950, 324, 2),
(1951, 329, 2),
(1952, 331, 2),
(1953, 339, 2),
(1954, 344, 2),
(1955, 349, 2),
(1956, 354, 2),
(1957, 359, 2),
(1958, 364, 2),
(1959, 369, 2),
(1960, 374, 2),
(1961, 277, 2),
(1962, 0, 0),
(1963, 287, 2),
(1964, 292, 2),
(1965, 297, 2),
(1966, 302, 2),
(1967, 307, 2),
(1968, 313, 2),
(1969, 318, 2),
(1970, 324, 2),
(1971, 329, 2),
(1972, 331, 2),
(1973, 339, 2),
(1974, 344, 2),
(1975, 349, 2),
(1976, 354, 2),
(1977, 359, 2),
(1978, 364, 2),
(1979, 369, 2),
(1980, 0, 0),
(1981, 277, 2),
(1982, 282, 2),
(1983, 287, 2),
(1984, 292, 2),
(1985, 297, 2),
(1986, 302, 2),
(1987, 307, 2),
(1988, 313, 2),
(1989, 318, 2),
(1990, 324, 2),
(1991, 329, 2),
(1992, 331, 2),
(1993, 339, 2),
(1994, 344, 2),
(1995, 349, 2),
(1996, 354, 2),
(1997, 359, 2),
(1998, 364, 2),
(1999, 369, 2),
(2000, 374, 2),
(2001, 277, 2),
(2002, 282, 2),
(2003, 287, 2),
(2004, 292, 2),
(2005, 297, 2),
(2006, 302, 2),
(2007, 307, 2),
(2008, 313, 2),
(2009, 318, 2),
(2010, 324, 2),
(2011, 326, -1),
(2012, 0, 0),
(2013, 339, 2),
(2014, 344, 2),
(2015, 349, 2),
(2016, 354, 2),
(2017, 359, 2),
(2018, 364, 2),
(2019, 369, 2),
(2020, 374, 2),
(2021, 277, 2),
(2022, 282, 2),
(2023, 287, 2),
(2024, 292, 2),
(2025, 297, 2),
(2026, 302, 2),
(2027, 307, 2),
(2028, 313, 2),
(2029, 318, 2),
(2030, 324, 2),
(2031, 329, 2),
(2032, 331, 2),
(2033, 339, 2),
(2034, 344, 2),
(2035, 349, 2),
(2036, 354, 2),
(2037, 359, 2),
(2038, 364, 2),
(2039, 369, 2),
(2040, 374, 2),
(2041, 277, 2),
(2042, 0, 0),
(2043, 287, 2),
(2044, 292, 2),
(2045, 297, 2),
(2046, 302, 2),
(2047, 307, 2),
(2048, 313, 2),
(2049, 318, 2),
(2050, 324, 2),
(2051, 329, 2),
(2052, 331, 2),
(2053, 336, -1),
(2054, 344, 2),
(2055, 348, -1),
(2056, 354, 2),
(2057, 0, 0),
(2058, 0, 0),
(2059, 0, 0),
(2060, 0, 0),
(2061, 277, 2),
(2062, 282, 2),
(2063, 287, 2),
(2064, 292, 2),
(2065, 297, 2),
(2066, 302, 2),
(2067, 307, 2),
(2068, 313, 2),
(2069, 318, 2),
(2070, 324, 2),
(2071, 325, -1),
(2072, 0, 0),
(2073, 339, 2),
(2074, 344, 2),
(2075, 349, 2),
(2076, 354, 2),
(2077, 359, 2),
(2078, 364, 2),
(2079, 369, 2),
(2080, 374, 2),
(2081, 277, 2),
(2082, 282, 2),
(2083, 287, 2),
(2084, 292, 2),
(2085, 297, 2),
(2086, 302, 2),
(2087, 307, 2),
(2088, 313, 2),
(2089, 318, 2),
(2090, 324, 2),
(2091, 328, -1),
(2092, 0, 0),
(2093, 339, 2),
(2094, 344, 2),
(2095, 349, 2),
(2096, 354, 2),
(2097, 359, 2),
(2098, 364, 2),
(2099, 369, 2),
(2100, 374, 2),
(2101, 277, 2),
(2102, 282, 2),
(2103, 287, 2),
(2104, 292, 2),
(2105, 297, 2),
(2106, 302, 2),
(2107, 307, 2),
(2108, 313, 2),
(2109, 318, 2),
(2110, 324, 2),
(2111, 329, 2),
(2112, 331, 2),
(2113, 339, 2),
(2114, 344, 2),
(2115, 349, 2),
(2116, 354, 2),
(2117, 359, 2),
(2118, 364, 2),
(2119, 369, 2),
(2120, 374, 2),
(2121, 277, 2),
(2122, 282, 2),
(2123, 0, 0),
(2124, 0, 0),
(2125, 297, 2),
(2126, 0, 0),
(2127, 307, 2),
(2128, 0, 0),
(2129, 318, 2),
(2130, 324, 2),
(2131, 329, 2),
(2132, 331, 2),
(2133, 339, 2),
(2134, 0, 0),
(2135, 0, 0),
(2136, 354, 2),
(2137, 359, 2),
(2138, 364, 2),
(2139, 369, 2),
(2140, 0, 0),
(2141, 277, 2),
(2142, 282, 2),
(2143, 287, 2),
(2144, 292, 2),
(2145, 297, 2),
(2146, 302, 2),
(2147, 307, 2),
(2148, 313, 2),
(2149, 318, 2),
(2150, 324, 2),
(2151, 329, 2),
(2152, 331, 2),
(2153, 339, 2),
(2154, 344, 2),
(2155, 349, 2),
(2156, 354, 2),
(2157, 359, 2),
(2158, 364, 2),
(2159, 369, 2),
(2160, 374, 2),
(2161, 277, 2),
(2162, 0, 0),
(2163, 287, 2),
(2164, 0, 0),
(2165, 297, 2),
(2166, 302, 2),
(2167, 307, 2),
(2168, 313, 2),
(2169, 0, 0),
(2170, 324, 2),
(2171, 329, 2),
(2172, 331, 2),
(2173, 339, 2),
(2174, 344, 2),
(2175, 349, 2),
(2176, 0, 0),
(2177, 0, 0),
(2178, 364, 2),
(2179, 369, 2),
(2180, 374, 2),
(2181, 277, 2),
(2182, 0, 0),
(2183, 287, 2),
(2184, 292, 2),
(2185, 297, 2),
(2186, 302, 2),
(2187, 307, 2),
(2188, 313, 2),
(2189, 318, 2),
(2190, 324, 2),
(2191, 329, 2),
(2192, 331, 2),
(2193, 338, -1),
(2194, 344, 2),
(2195, 348, -1),
(2196, 354, 2),
(2197, 0, 0),
(2198, 0, 0),
(2199, 0, 0),
(2200, 0, 0),
(2201, 277, 2),
(2202, 282, 2),
(2203, 0, 0),
(2204, 0, 0),
(2205, 297, 2),
(2206, 0, 0),
(2207, 307, 2),
(2208, 0, 0),
(2209, 318, 2),
(2210, 324, 2),
(2211, 329, 2),
(2212, 331, 2),
(2213, 339, 2),
(2214, 0, 0),
(2215, 0, 0),
(2216, 354, 2),
(2217, 359, 2),
(2218, 364, 2),
(2219, 369, 2),
(2220, 0, 0),
(2221, 277, 2),
(2222, 282, 2),
(2223, 287, 2),
(2224, 292, 2),
(2225, 297, 2),
(2226, 302, 2),
(2227, 307, 2),
(2228, 313, 2),
(2229, 318, 2),
(2230, 324, 2),
(2231, 329, 2),
(2232, 331, 2),
(2233, 339, 2),
(2234, 344, 2),
(2235, 349, 2),
(2236, 354, 2),
(2237, 359, 2),
(2238, 364, 2),
(2239, 369, 2),
(2240, 374, 2),
(2241, 277, 2),
(2242, 282, 2),
(2243, 287, 2),
(2244, 292, 2),
(2245, 297, 2),
(2246, 302, 2),
(2247, 307, 2),
(2248, 313, 2),
(2249, 318, 2),
(2250, 324, 2),
(2251, 329, 2),
(2252, 331, 2),
(2253, 339, 2),
(2254, 344, 2),
(2255, 349, 2),
(2256, 354, 2),
(2257, 359, 2),
(2258, 364, 2),
(2259, 369, 2),
(2260, 374, 2),
(2261, 277, 2),
(2262, 282, 2),
(2263, 287, 2),
(2264, 292, 2),
(2265, 297, 2),
(2266, 302, 2),
(2267, 307, 2),
(2268, 313, 2),
(2269, 318, 2),
(2270, 324, 2),
(2271, 329, 2),
(2272, 331, 2),
(2273, 339, 2),
(2274, 344, 2),
(2275, 349, 2),
(2276, 354, 2),
(2277, 359, 2),
(2278, 364, 2),
(2279, 369, 2),
(2280, 374, 2),
(2281, 5, 2),
(2282, 0, 0),
(2283, 18, 2),
(2284, 24, 2),
(2285, 29, 2),
(2286, 36, 2),
(2287, 41, 2),
(2288, 43, 2),
(2289, 52, 2),
(2290, 57, 2),
(2291, 62, 2),
(2292, 68, 2),
(2293, 73, -1),
(2294, 80, 2),
(2295, 85, -1),
(2296, 94, 2),
(2297, 0, 0),
(2298, 0, 0),
(2299, 0, 0),
(2300, 0, 0),
(2301, 5, 2),
(2302, 12, 2),
(2303, 0, 0),
(2304, 0, 0),
(2305, 29, 2),
(2306, 0, 0),
(2307, 41, 2),
(2308, 0, 0),
(2309, 52, 2),
(2310, 57, 2),
(2311, 62, 2),
(2312, 68, 2),
(2313, 74, 2),
(2314, 0, 0),
(2315, 0, 0),
(2316, 94, 2),
(2317, 100, 2),
(2318, 104, 2),
(2319, 111, 2),
(2320, 0, 0),
(2321, 5, 2),
(2322, 0, 0),
(2323, 18, 2),
(2324, 24, 2),
(2325, 29, 2),
(2326, 36, 2),
(2327, 41, 2),
(2328, 43, 2),
(2329, 52, 2),
(2330, 57, 2),
(2331, 62, 2),
(2332, 68, 2),
(2333, 72, -1),
(2334, 80, 2),
(2335, 85, -1),
(2336, 94, 2),
(2337, 0, 0),
(2338, 0, 0),
(2339, 0, 0),
(2340, 0, 0),
(2341, 5, 2),
(2342, 0, 0),
(2343, 18, 2),
(2344, 0, 0),
(2345, 29, 2),
(2346, 36, 2),
(2347, 41, 2),
(2348, 43, 2),
(2349, 0, 0),
(2350, 57, 2),
(2351, 62, 2),
(2352, 68, 2),
(2353, 74, 2),
(2354, 80, 2),
(2355, 86, 2),
(2356, 0, 0),
(2357, 0, 0),
(2358, 104, 2),
(2359, 111, 2),
(2360, 119, 2),
(2361, 5, 2),
(2362, 0, 0),
(2363, 18, 2),
(2364, 24, 2),
(2365, 29, 2),
(2366, 36, 2),
(2367, 41, 2),
(2368, 43, 2),
(2369, 52, 2),
(2370, 57, 2),
(2371, 62, 2),
(2372, 68, 2),
(2373, 74, 2),
(2374, 80, 2),
(2375, 86, 2),
(2376, 94, 2),
(2377, 100, 2),
(2378, 104, 2),
(2379, 111, 2),
(2380, 0, 0),
(2381, 5, 2),
(2382, 0, 0),
(2383, 18, 2),
(2384, 24, 2),
(2385, 29, 2),
(2386, 36, 2),
(2387, 41, 2),
(2388, 43, 2),
(2389, 52, 2),
(2390, 57, 2),
(2391, 62, 2),
(2392, 68, 2),
(2393, 73, -1),
(2394, 80, 2),
(2395, 85, -1),
(2396, 94, 2),
(2397, 0, 0),
(2398, 0, 0),
(2399, 0, 0),
(2400, 0, 0),
(2401, 5, 2),
(2402, 0, 0),
(2403, 0, 0),
(2404, 24, 2),
(2405, 29, 2),
(2406, 0, 0),
(2407, 41, 2),
(2408, 0, 0),
(2409, 0, 0),
(2410, 57, 2),
(2411, 0, 0),
(2412, 68, 2),
(2413, 0, 0),
(2414, 0, 0),
(2415, 86, 2),
(2416, 94, 2),
(2417, 0, 0),
(2418, 0, 0),
(2419, 111, 2),
(2420, 119, 2),
(2421, 5, 2),
(2422, 12, 2),
(2423, 18, 2),
(2424, 24, 2),
(2425, 29, 2),
(2426, 36, 2),
(2427, 41, 2),
(2428, 43, 2),
(2429, 52, 2),
(2430, 57, 2),
(2431, 62, 2),
(2432, 68, 2),
(2433, 74, 2),
(2434, 80, 2),
(2435, 86, 2),
(2436, 94, 2),
(2437, 100, 2),
(2438, 104, 2),
(2439, 111, 2),
(2440, 119, 2),
(2441, 277, 1),
(2442, 282, 1),
(2443, 287, 1),
(2444, 292, 1),
(2445, 297, 1),
(2446, 302, 1),
(2447, 307, 1),
(2448, 313, 1),
(2449, 318, 1),
(2450, 324, 1),
(2451, 329, 1),
(2452, 331, 1),
(2453, 339, 1),
(2454, 344, 1),
(2455, 349, 1),
(2456, 354, 1),
(2457, 359, 1),
(2458, 364, 1),
(2459, 369, 1),
(2460, 374, 1),
(2461, 277, 2),
(2462, 0, 0),
(2463, 287, 2),
(2464, 292, 2),
(2465, 297, 2),
(2466, 302, 2),
(2467, 307, 2),
(2468, 313, 2),
(2469, 318, 2),
(2470, 324, 2),
(2471, 329, 2),
(2472, 331, 2),
(2473, 339, 2),
(2474, 344, 2),
(2475, 349, 2),
(2476, 354, 2),
(2477, 359, 2),
(2478, 364, 2),
(2479, 369, 2),
(2480, 0, 0),
(2481, 277, 2),
(2482, 0, 0),
(2483, 287, 2),
(2484, 292, 2),
(2485, 297, 2),
(2486, 302, 2),
(2487, 307, 2),
(2488, 313, 2),
(2489, 318, 2),
(2490, 324, 2),
(2491, 329, 2),
(2492, 331, 2),
(2493, 339, 2),
(2494, 344, 2),
(2495, 349, 2),
(2496, 354, 2),
(2497, 359, 2),
(2498, 364, 2),
(2499, 369, 2),
(2500, 0, 0),
(2501, 277, 2),
(2502, 282, 2),
(2503, 287, 2),
(2504, 292, 2),
(2505, 297, 2),
(2506, 302, 2),
(2507, 307, 2),
(2508, 313, 2),
(2509, 318, 2),
(2510, 324, 2),
(2511, 327, -1),
(2512, 0, 0),
(2513, 339, 2),
(2514, 344, 2),
(2515, 349, 2),
(2516, 354, 2),
(2517, 359, 2),
(2518, 364, 2),
(2519, 369, 2),
(2520, 374, 2),
(2521, 277, 2),
(2522, 0, 0),
(2523, 287, 2),
(2524, 0, 0),
(2525, 297, 2),
(2526, 302, 2),
(2527, 307, 2),
(2528, 313, 2),
(2529, 0, 0),
(2530, 324, 2),
(2531, 329, 2),
(2532, 331, 2),
(2533, 339, 2),
(2534, 344, 2),
(2535, 349, 2),
(2536, 0, 0),
(2537, 0, 0),
(2538, 364, 2),
(2539, 369, 2),
(2540, 374, 2),
(2541, 277, 2),
(2542, 282, 2),
(2543, 287, 2),
(2544, 292, 2),
(2545, 297, 2),
(2546, 302, 2),
(2547, 307, 2),
(2548, 313, 2),
(2549, 318, 2),
(2550, 324, 2),
(2551, 329, 2),
(2552, 331, 2),
(2553, 339, 2),
(2554, 344, 2),
(2555, 349, 2),
(2556, 354, 2),
(2557, 359, 2),
(2558, 364, 2),
(2559, 369, 2),
(2560, 374, 2),
(2561, 277, 2),
(2562, 282, 2),
(2563, 287, 2),
(2564, 292, 2),
(2565, 297, 2),
(2566, 302, 2),
(2567, 307, 2),
(2568, 313, 2),
(2569, 318, 2),
(2570, 324, 2),
(2571, 329, 2),
(2572, 331, 2),
(2573, 339, 2),
(2574, 344, 2),
(2575, 349, 2),
(2576, 354, 2),
(2577, 359, 2),
(2578, 364, 2),
(2579, 369, 2),
(2580, 374, 2),
(2581, 277, 2),
(2582, 0, 0),
(2583, 287, 2),
(2584, 292, 2),
(2585, 297, 2),
(2586, 302, 2),
(2587, 307, 2),
(2588, 313, 2),
(2589, 318, 2),
(2590, 324, 2),
(2591, 329, 2),
(2592, 331, 2),
(2593, 337, -1),
(2594, 344, 2),
(2595, 348, -1),
(2596, 354, 2),
(2597, 0, 0),
(2598, 0, 0),
(2599, 0, 0),
(2600, 0, 0),
(2601, 277, 2),
(2602, 282, 2),
(2603, 0, 0),
(2604, 0, 0),
(2605, 297, 2),
(2606, 0, 0),
(2607, 307, 2),
(2608, 0, 0),
(2609, 318, 2),
(2610, 324, 2),
(2611, 329, 2),
(2612, 331, 2),
(2613, 339, 2),
(2614, 0, 0),
(2615, 0, 0),
(2616, 354, 2),
(2617, 359, 2),
(2618, 364, 2),
(2619, 369, 2),
(2620, 0, 0);

-- --------------------------------------------------------

--
-- Table structure for table `subject`
--

CREATE TABLE `subject` (
  `subject_id` int(11) NOT NULL,
  `branch_id` int(11) NOT NULL,
  `sem_no` int(2) NOT NULL,
  `subject_name` varchar(255) NOT NULL,
  `created_at` datetime NOT NULL DEFAULT CURRENT_TIMESTAMP,
  `created_by` int(11) NOT NULL
) ENGINE=InnoDB DEFAULT CHARSET=latin1;

--
-- Dumping data for table `subject`
--

INSERT INTO `subject` (`subject_id`, `branch_id`, `sem_no`, `subject_name`, `created_at`, `created_by`) VALUES
(1, 2, 3, 'Applied Mathematics -III', '2019-04-26 17:45:00', 2),
(2, 2, 3, 'Digital Logic Design and Analysis', '2019-04-26 17:45:00', 2),
(3, 2, 3, 'Discrete Mathematics', '2019-04-26 17:45:00', 2),
(4, 2, 3, 'Java', '2019-04-26 17:45:00', 2),
(5, 2, 3, 'Data Structures', '2019-04-26 17:45:00', 2),
(6, 1, 4, 'Applied Mathematics -IV', '2019-04-26 17:45:00', 2),
(7, 1, 4, 'COA', '2019-04-26 17:45:00', 2),
(8, 1, 4, 'AOA', '2019-04-26 17:45:00', 2),
(9, 1, 4, 'OS', '2019-04-26 17:45:00', 2),
(10, 1, 4, 'CG', '2019-04-26 17:45:00', 2);

-- --------------------------------------------------------

--
-- Table structure for table `teacher`
--

CREATE TABLE `teacher` (
  `teacher_id` int(11) NOT NULL,
  `user_id` int(11) NOT NULL
) ENGINE=InnoDB DEFAULT CHARSET=latin1;

--
-- Dumping data for table `teacher`
--

INSERT INTO `teacher` (`teacher_id`, `user_id`) VALUES
(1, 7),
(2, 8),
(3, 9),
(4, 10),
(5, 11),
(6, 12),
(7, 13),
(8, 14),
(9, 15),
(10, 16),
(11, 17);

-- --------------------------------------------------------

--
-- Table structure for table `teaches`
--

CREATE TABLE `teaches` (
  `teacher_id` int(11) NOT NULL,
  `batch_id` int(11) NOT NULL,
  `subject_id` int(11) NOT NULL,
  `w.e.f` datetime NOT NULL
) ENGINE=InnoDB DEFAULT CHARSET=latin1;

--
-- Dumping data for table `teaches`
--

INSERT INTO `teaches` (`teacher_id`, `batch_id`, `subject_id`, `w.e.f`) VALUES
(1, 1, 4, '2019-04-26 17:33:00'),
(1, 2, 4, '2019-04-26 17:33:00'),
(2, 3, 4, '2019-04-26 17:33:00'),
(2, 4, 4, '2019-04-26 17:33:00'),
(3, 5, 5, '2019-04-26 17:33:00'),
(3, 6, 5, '2019-04-26 17:33:00'),
(4, 7, 5, '2019-04-26 17:33:00'),
(4, 8, 5, '2019-04-26 17:33:00'),
(5, 9, 9, '2019-04-26 17:33:00'),
(5, 10, 9, '2019-04-26 17:33:00'),
(6, 11, 9, '2019-04-26 17:33:00'),
(6, 12, 9, '2019-04-26 17:33:00');

-- --------------------------------------------------------

--
-- Table structure for table `user`
--

CREATE TABLE `user` (
  `user_id` int(11) NOT NULL,
  `name` varchar(255) NOT NULL,
  `username` varchar(255) NOT NULL,
  `password` varchar(255) NOT NULL,
  `email` varchar(255) NOT NULL,
  `contact_no` int(11) NOT NULL,
  `gender` varchar(10) NOT NULL,
  `doj` date NOT NULL,
  `dob` date NOT NULL,
  `toggle_sms_noti` tinyint(1) NOT NULL,
  `toggle_email_noti` int(1) NOT NULL,
  `deleted` int(1) NOT NULL,
  `created_at` datetime NOT NULL DEFAULT CURRENT_TIMESTAMP,
  `updated_at` datetime NOT NULL,
  `deleted_at` datetime NOT NULL,
  `created_by` int(11) NOT NULL,
  `updated_by` int(11) NOT NULL,
  `deleted_by` int(11) NOT NULL
) ENGINE=InnoDB DEFAULT CHARSET=latin1;

--
-- Dumping data for table `user`
--

INSERT INTO `user` (`user_id`, `name`, `username`, `password`, `email`, `contact_no`, `gender`, `doj`, `dob`, `toggle_sms_noti`, `toggle_email_noti`, `deleted`, `created_at`, `updated_at`, `deleted_at`, `created_by`, `updated_by`, `deleted_by`) VALUES
(1, 'Nikhil Nagdev', 'nikhil_nagdev', 'nikhil1234', 'nikhil@gmail.com', 2147483647, 'male', '0000-00-00', '1999-11-10', 0, 1, 0, '2019-04-25 02:32:16', '0000-00-00 00:00:00', '0000-00-00 00:00:00', 2, 0, 0),
(2, 'Harlan Garcia', 'harlan_garcia', 'UummNMT3', 'chronos@msn.com', 2147483647, 'female', '0000-00-00', '0000-00-00', 0, 1, 0, '2019-04-25 02:32:16', '0000-00-00 00:00:00', '0000-00-00 00:00:00', 2, 0, 0),
(3, 'Tre Hardin', 'tre_hardin', 'BTUkpMTH', 'jimxugle@att.net', 2147483647, 'male', '0000-00-00', '0000-00-00', 0, 1, 0, '2019-04-25 02:32:16', '0000-00-00 00:00:00', '0000-00-00 00:00:00', 3, 0, 0),
(4, 'Eva Hartley', 'eva_hartley', 'RQGPNfxC', 'bockelboy@yahoo.com', 2147483647, 'male', '0000-00-00', '0000-00-00', 0, 0, 0, '2019-04-25 02:32:16', '0000-00-00 00:00:00', '0000-00-00 00:00:00', 3, 0, 0),
(5, 'Alma Lindsey', 'alma_lindsey', 'L6zsZcvC', 'comdig@icloud.com', 2147483647, 'female', '0000-00-00', '0000-00-00', 0, 0, 0, '2019-04-25 02:32:16', '0000-00-00 00:00:00', '0000-00-00 00:00:00', 2, 0, 0),
(6, 'Maeve Snyder', 'maeve_snyder', '23Q3qnKj', 'sjava@comcast.net', 2147483647, 'male', '0000-00-00', '0000-00-00', 0, 1, 0, '2019-04-25 02:32:16', '0000-00-00 00:00:00', '0000-00-00 00:00:00', 3, 0, 0),
(7, 'Ada Lin', 'ada_lin', 'ccBkEGNQ', 'helger@outlook.com', 2147483647, 'male', '0000-00-00', '0000-00-00', 0, 1, 0, '2019-04-25 02:32:16', '0000-00-00 00:00:00', '0000-00-00 00:00:00', 2, 0, 0),
(8, 'Habib Raymond', 'habib_raymond', 'yk9Q7zUS', 'euice@yahoo.com', 2147483647, 'male', '0000-00-00', '0000-00-00', 0, 0, 0, '2019-04-25 02:32:16', '0000-00-00 00:00:00', '0000-00-00 00:00:00', 2, 0, 0),
(9, 'Shivam Sears', 'shivam_sears', 'f7G8a8YN', 'jigsaw@aol.com', 2147483647, 'female', '0000-00-00', '0000-00-00', 0, 1, 0, '2019-04-25 02:32:16', '0000-00-00 00:00:00', '0000-00-00 00:00:00', 3, 0, 0),
(10, 'Callam Barrera', 'callam_barrera', 'CkSfesJK', 'mbrown@att.net', 2147483647, 'male', '0000-00-00', '0000-00-00', 0, 0, 0, '2019-04-25 02:32:16', '0000-00-00 00:00:00', '0000-00-00 00:00:00', 2, 0, 0),
(11, 'Lavinia Cantu', 'lavinia_cantu', 'u7heKCkj', 'morain@outlook.com', 2147483647, 'female', '0000-00-00', '0000-00-00', 0, 1, 0, '2019-04-25 02:32:16', '0000-00-00 00:00:00', '0000-00-00 00:00:00', 2, 0, 0),
(12, 'Rebeca Greenwood', 'rebeca_greenwood', 'ASYb4aSj', 'british@gmail.com', 2147483647, 'male', '0000-00-00', '0000-00-00', 0, 1, 0, '2019-04-25 02:32:16', '0000-00-00 00:00:00', '0000-00-00 00:00:00', 2, 0, 0),
(13, 'Jordi Barajas', 'jordi_barajas', 'DzcXFXfp', 'tezbo@comcast.net', 2147483647, 'female', '0000-00-00', '0000-00-00', 0, 1, 0, '2019-04-25 02:32:16', '0000-00-00 00:00:00', '0000-00-00 00:00:00', 3, 0, 0),
(14, 'Ben Bautista', 'ben_bautista', 'cp4BkKGD', 'kmself@mac.com', 2147483647, 'female', '0000-00-00', '0000-00-00', 0, 1, 0, '2019-04-25 02:32:16', '0000-00-00 00:00:00', '0000-00-00 00:00:00', 3, 0, 0),
(15, 'Myles O''Sullivan', 'myles_o''sullivan', 'KR6EGg4s', 'brainless@aol.com', 2147483647, 'male', '0000-00-00', '0000-00-00', 0, 1, 0, '2019-04-25 02:32:16', '0000-00-00 00:00:00', '0000-00-00 00:00:00', 2, 0, 0),
(16, 'Stella Wall', 'stella_wall', 'btQkRqEK', 'hstiles@live.com', 2147483647, 'male', '0000-00-00', '0000-00-00', 0, 1, 0, '2019-04-25 02:32:16', '0000-00-00 00:00:00', '0000-00-00 00:00:00', 3, 0, 0),
(17, 'Joy Armitage', 'joy_armitage', '69bM89Yj', 'flavell@msn.com', 2147483647, 'female', '0000-00-00', '0000-00-00', 0, 1, 0, '2019-04-25 02:32:16', '0000-00-00 00:00:00', '0000-00-00 00:00:00', 2, 0, 0),
(18, 'Zack Dean', 'zack_dean', 'kSt4MLjK', 'mpiotr@yahoo.ca', 2147483647, 'male', '0000-00-00', '0000-00-00', 0, 1, 0, '2019-04-25 02:32:16', '0000-00-00 00:00:00', '0000-00-00 00:00:00', 3, 0, 0),
(19, 'Brenna Gonzales', 'brenna_gonzales', 'Z5QZxaPg', 'north@att.net', 2147483647, 'female', '0000-00-00', '0000-00-00', 0, 0, 0, '2019-04-25 02:32:16', '0000-00-00 00:00:00', '0000-00-00 00:00:00', 3, 0, 0),
(20, 'Cai Xiong', 'cai_xiong', '3zYmPUeW', 'fangorn@mac.com', 2147483647, 'female', '0000-00-00', '0000-00-00', 0, 0, 0, '2019-04-25 02:32:16', '0000-00-00 00:00:00', '0000-00-00 00:00:00', 2, 0, 0),
(21, 'Shiloh Wyatt', 'shiloh_wyatt', 'aVQYMUNJ', 'ninenine@mac.com', 2147483647, 'male', '0000-00-00', '0000-00-00', 0, 1, 0, '2019-04-25 02:32:16', '0000-00-00 00:00:00', '0000-00-00 00:00:00', 3, 0, 0),
(22, 'Aj Smart', 'aj_smart', 'XDqgTgcx', 'dgriffith@msn.com', 2147483647, 'female', '0000-00-00', '0000-00-00', 0, 0, 0, '2019-04-25 02:32:16', '0000-00-00 00:00:00', '0000-00-00 00:00:00', 3, 0, 0),
(23, 'Alisha Roman', 'alisha_roman', 'ECamLCay', 'sbmrjbr@me.com', 2147483647, 'male', '0000-00-00', '0000-00-00', 0, 1, 0, '2019-04-25 02:32:16', '0000-00-00 00:00:00', '0000-00-00 00:00:00', 2, 0, 0),
(24, 'Kristofer Yang', 'kristofer_yang', 'cQjBtqtn', 'gavollink@live.com', 2147483647, 'male', '0000-00-00', '0000-00-00', 0, 0, 0, '2019-04-25 02:32:16', '0000-00-00 00:00:00', '0000-00-00 00:00:00', 2, 0, 0),
(25, 'Christina Fowler', 'christina_fowler', 'hAGB7dcz', 'pgolle@yahoo.ca', 2147483647, 'male', '0000-00-00', '0000-00-00', 0, 0, 0, '2019-04-25 02:32:16', '0000-00-00 00:00:00', '0000-00-00 00:00:00', 3, 0, 0),
(26, 'Wilson Bateman', 'wilson_bateman', 'BPudk8gD', 'mthurn@aol.com', 2147483647, 'female', '0000-00-00', '0000-00-00', 0, 0, 0, '2019-04-25 02:32:16', '0000-00-00 00:00:00', '0000-00-00 00:00:00', 2, 0, 0),
(27, 'Eli O''Quinn', 'eli_o''quinn', 'CKZe2ZYG', 'shrapnull@hotmail.com', 2147483647, 'male', '0000-00-00', '0000-00-00', 0, 0, 0, '2019-04-25 02:32:16', '0000-00-00 00:00:00', '0000-00-00 00:00:00', 2, 0, 0),
(28, 'Ingrid Colley', 'ingrid_colley', 'hF8QmZwF', 'larry@sbcglobal.net', 2147483647, 'female', '0000-00-00', '0000-00-00', 0, 1, 0, '2019-04-25 02:32:16', '0000-00-00 00:00:00', '0000-00-00 00:00:00', 2, 0, 0),
(29, 'Borys Smith', 'borys_smith', 'UEFqrPuW', 'webdragon@att.net', 2147483647, 'male', '0000-00-00', '0000-00-00', 0, 0, 0, '2019-04-25 02:32:16', '0000-00-00 00:00:00', '0000-00-00 00:00:00', 2, 0, 0),
(30, 'Eliana Hines', 'eliana_hines', 'b4pNgT8b', 'aschmitz@verizon.net', 2147483647, 'female', '0000-00-00', '0000-00-00', 0, 1, 0, '2019-04-25 02:32:16', '0000-00-00 00:00:00', '0000-00-00 00:00:00', 3, 0, 0),
(31, 'Curtis Armstrong', 'curtis_armstrong', 'vaEsgnbX', 'calin@comcast.net', 2147483647, 'female', '0000-00-00', '0000-00-00', 0, 0, 0, '2019-04-25 02:32:16', '0000-00-00 00:00:00', '0000-00-00 00:00:00', 2, 0, 0),
(32, 'Siana Dennis', 'siana_dennis', 'qUUZXFu6', 'hermes@msn.com', 2147483647, 'male', '0000-00-00', '0000-00-00', 0, 0, 0, '2019-04-25 02:32:16', '0000-00-00 00:00:00', '0000-00-00 00:00:00', 2, 0, 0),
(33, 'Marcus Daniel', 'marcus_daniel', '2Ec96w9t', 'nicktrig@yahoo.com', 2147483647, 'male', '0000-00-00', '0000-00-00', 0, 0, 0, '2019-04-25 02:32:16', '0000-00-00 00:00:00', '0000-00-00 00:00:00', 2, 0, 0),
(34, 'Falak Nicholson', 'falak_nicholson', '32M2myP7', 'gavollink@yahoo.ca', 2147483647, 'female', '0000-00-00', '0000-00-00', 0, 1, 0, '2019-04-25 02:32:16', '0000-00-00 00:00:00', '0000-00-00 00:00:00', 2, 0, 0),
(35, 'Ray Timms', 'ray_timms', 'B7rVFByx', 'bsikdar@mac.com', 2147483647, 'male', '0000-00-00', '0000-00-00', 0, 1, 0, '2019-04-25 02:32:16', '0000-00-00 00:00:00', '0000-00-00 00:00:00', 3, 0, 0),
(36, 'Asma Moon', 'asma_moon', 'Lqx3NkJx', 'peterhoeg@live.com', 2147483647, 'female', '0000-00-00', '0000-00-00', 0, 0, 0, '2019-04-25 02:32:16', '0000-00-00 00:00:00', '0000-00-00 00:00:00', 3, 0, 0),
(37, 'Gerard Keith', 'gerard_keith', 'AY3mcbJu', 'tbusch@verizon.net', 2147483647, 'female', '0000-00-00', '0000-00-00', 0, 0, 0, '2019-04-25 02:32:16', '0000-00-00 00:00:00', '0000-00-00 00:00:00', 3, 0, 0),
(38, 'Kanye Blake', 'kanye_blake', '7txbrLpJ', 'mbalazin@me.com', 2147483647, 'male', '0000-00-00', '0000-00-00', 0, 1, 0, '2019-04-25 02:32:16', '0000-00-00 00:00:00', '0000-00-00 00:00:00', 3, 0, 0),
(39, 'Mercy Chambers', 'mercy_chambers', 'JPA7yaQr', 'osaru@sbcglobal.net', 2147483647, 'female', '0000-00-00', '0000-00-00', 0, 0, 0, '2019-04-25 02:32:16', '0000-00-00 00:00:00', '0000-00-00 00:00:00', 2, 0, 0),
(40, 'Phoenix Tillman', 'phoenix_tillman', 'd8eV4Evv', 'thassine@yahoo.com', 2147483647, 'male', '0000-00-00', '0000-00-00', 0, 1, 0, '2019-04-25 02:32:16', '0000-00-00 00:00:00', '0000-00-00 00:00:00', 2, 0, 0),
(41, 'Rosemarie Rich', 'rosemarie_rich', 'YsSrjEHd', 'jramio@gmail.com', 2147483647, 'male', '0000-00-00', '0000-00-00', 0, 1, 0, '2019-04-25 02:32:16', '0000-00-00 00:00:00', '0000-00-00 00:00:00', 2, 0, 0),
(42, 'Hazel Mckeown', 'hazel_mckeown', '8r5Eugky', 'bastian@yahoo.ca', 2147483647, 'male', '0000-00-00', '0000-00-00', 0, 1, 0, '2019-04-25 02:32:16', '0000-00-00 00:00:00', '0000-00-00 00:00:00', 3, 0, 0),
(43, 'Molly Riley', 'molly_riley', 'ZMKETZ5d', 'jorgb@mac.com', 2147483647, 'female', '0000-00-00', '0000-00-00', 0, 1, 0, '2019-04-25 02:32:16', '0000-00-00 00:00:00', '0000-00-00 00:00:00', 3, 0, 0),
(44, 'Kay England', 'kay_england', 'CtbPY6MA', 'scarolan@icloud.com', 2147483647, 'male', '0000-00-00', '0000-00-00', 0, 1, 0, '2019-04-25 02:32:16', '0000-00-00 00:00:00', '0000-00-00 00:00:00', 3, 0, 0),
(45, 'Beck Clegg', 'beck_clegg', 'gpqAke3J', 'miyop@aol.com', 2147483647, 'female', '0000-00-00', '0000-00-00', 0, 1, 0, '2019-04-25 02:32:16', '0000-00-00 00:00:00', '0000-00-00 00:00:00', 3, 0, 0),
(46, 'Nelly Craig', 'nelly_craig', 't5Zsbrzj', 'ahuillet@yahoo.ca', 2147483647, 'male', '0000-00-00', '0000-00-00', 0, 1, 0, '2019-04-25 02:32:16', '0000-00-00 00:00:00', '0000-00-00 00:00:00', 2, 0, 0),
(47, 'Roscoe Jackson', 'roscoe_jackson', '8vjF42CN', 'bigmauler@hotmail.com', 2147483647, 'female', '0000-00-00', '0000-00-00', 0, 1, 0, '2019-04-25 02:32:16', '0000-00-00 00:00:00', '0000-00-00 00:00:00', 3, 0, 0),
(48, 'Carwyn Cox', 'carwyn_cox', 't25HSvjV', 'wetter@me.com', 2147483647, 'female', '0000-00-00', '0000-00-00', 0, 1, 0, '2019-04-25 02:32:16', '0000-00-00 00:00:00', '0000-00-00 00:00:00', 3, 0, 0),
(49, 'Olivia-Mae Villa', 'olivia-mae_villa', 'QUxtVpNz', 'isorashi@outlook.com', 2147483647, 'male', '0000-00-00', '0000-00-00', 0, 0, 0, '2019-04-25 02:32:16', '0000-00-00 00:00:00', '0000-00-00 00:00:00', 2, 0, 0),
(50, 'Chase Washington', 'chase_washington', 'ysNB9nP5', 'multiplx@outlook.com', 2147483647, 'male', '0000-00-00', '0000-00-00', 0, 0, 0, '2019-04-25 02:32:16', '0000-00-00 00:00:00', '0000-00-00 00:00:00', 2, 0, 0),
(51, 'Mihai Hudson', 'mihai_hudson', 'FEShSWLM', 'tedrlord@outlook.com', 2147483647, 'male', '0000-00-00', '0000-00-00', 0, 1, 0, '2019-04-25 02:32:16', '0000-00-00 00:00:00', '0000-00-00 00:00:00', 2, 0, 0),
(52, 'Ace Alston', 'ace_alston', 'Wnr5MZYX', 'wetter@yahoo.com', 2147483647, 'female', '0000-00-00', '0000-00-00', 0, 1, 0, '2019-04-25 02:32:16', '0000-00-00 00:00:00', '0000-00-00 00:00:00', 2, 0, 0),
(53, 'Zhane Hickman', 'zhane_hickman', 'MfXexr9v', 'storerm@outlook.com', 2147483647, 'female', '0000-00-00', '0000-00-00', 0, 1, 0, '2019-04-25 02:32:16', '0000-00-00 00:00:00', '0000-00-00 00:00:00', 3, 0, 0),
(54, 'Viktor Blackburn', 'viktor_blackburn', 'uHYHCUcj', 'sblack@icloud.com', 2147483647, 'male', '0000-00-00', '0000-00-00', 0, 0, 0, '2019-04-25 02:32:16', '0000-00-00 00:00:00', '0000-00-00 00:00:00', 2, 0, 0),
(55, 'Anniyah Key', 'anniyah_key', '4ebbYNxc', 'mschilli@live.com', 2147483647, 'female', '0000-00-00', '0000-00-00', 0, 1, 0, '2019-04-25 02:32:16', '0000-00-00 00:00:00', '0000-00-00 00:00:00', 2, 0, 0),
(56, 'Dominique Casey', 'dominique_casey', 'GSspaEH9', 'sokol@yahoo.ca', 2147483647, 'male', '0000-00-00', '0000-00-00', 0, 0, 0, '2019-04-25 02:32:16', '0000-00-00 00:00:00', '0000-00-00 00:00:00', 3, 0, 0),
(57, 'Christian Petty', 'christian_petty', '2v5nu3rr', 'valdez@hotmail.com', 2147483647, 'male', '0000-00-00', '0000-00-00', 0, 1, 0, '2019-04-25 02:32:16', '0000-00-00 00:00:00', '0000-00-00 00:00:00', 2, 0, 0),
(58, 'Anisha Floyd', 'anisha_floyd', 'A7zfhj2x', 'lahvak@yahoo.ca', 2147483647, 'male', '0000-00-00', '0000-00-00', 0, 1, 0, '2019-04-25 02:32:16', '0000-00-00 00:00:00', '0000-00-00 00:00:00', 2, 0, 0),
(59, 'Krystal Guevara', 'krystal_guevara', 'dJZXGaww', 'petersko@comcast.net', 2147483647, 'female', '0000-00-00', '0000-00-00', 0, 1, 0, '2019-04-25 02:32:16', '0000-00-00 00:00:00', '0000-00-00 00:00:00', 2, 0, 0),
(60, 'Tazmin Lester', 'tazmin_lester', '8Sawyv6F', 'evilopie@me.com', 2147483647, 'male', '0000-00-00', '0000-00-00', 0, 0, 0, '2019-04-25 02:32:16', '0000-00-00 00:00:00', '0000-00-00 00:00:00', 3, 0, 0),
(61, 'Haaris Marquez', 'haaris_marquez', '6rD3sCXa', 'parents@gmail.com', 2147483647, 'female', '0000-00-00', '0000-00-00', 0, 1, 0, '2019-04-25 02:32:16', '0000-00-00 00:00:00', '0000-00-00 00:00:00', 3, 0, 0),
(62, 'Lucille Pineda', 'lucille_pineda', 'CQg4FFYY', 'jmorris@mac.com', 2147483647, 'male', '0000-00-00', '0000-00-00', 0, 0, 0, '2019-04-25 02:32:16', '0000-00-00 00:00:00', '0000-00-00 00:00:00', 2, 0, 0),
(63, 'Nafisa Dillard', 'nafisa_dillard', 'ZZT4AxJJ', 'yxing@outlook.com', 2147483647, 'female', '0000-00-00', '0000-00-00', 0, 0, 0, '2019-04-25 02:32:16', '0000-00-00 00:00:00', '0000-00-00 00:00:00', 2, 0, 0),
(64, 'Sanaa Nichols', 'sanaa_nichols', 'wYagdDUV', 'sjava@mac.com', 2147483647, 'female', '0000-00-00', '0000-00-00', 0, 1, 0, '2019-04-25 02:32:16', '0000-00-00 00:00:00', '0000-00-00 00:00:00', 3, 0, 0),
(65, 'Muskaan Glenn', 'muskaan_glenn', 'kB8hwe5u', 'gfxguy@live.com', 2147483647, 'male', '0000-00-00', '0000-00-00', 0, 1, 0, '2019-04-25 02:32:16', '0000-00-00 00:00:00', '0000-00-00 00:00:00', 3, 0, 0),
(66, 'Mari Hills', 'mari_hills', 'U8dBMUJb', 'raines@mac.com', 2147483647, 'male', '0000-00-00', '0000-00-00', 0, 0, 0, '2019-04-25 02:32:16', '0000-00-00 00:00:00', '0000-00-00 00:00:00', 2, 0, 0),
(67, 'Eathan Bull', 'eathan_bull', 'Zm8WrSZR', 'aschmitz@me.com', 2147483647, 'female', '0000-00-00', '0000-00-00', 0, 0, 0, '2019-04-25 02:32:16', '0000-00-00 00:00:00', '0000-00-00 00:00:00', 3, 0, 0),
(68, 'Wojciech Spencer', 'wojciech_spencer', 'q8UbXUte', 'marnanel@sbcglobal.net', 2147483647, 'male', '0000-00-00', '0000-00-00', 0, 1, 0, '2019-04-25 02:32:16', '0000-00-00 00:00:00', '0000-00-00 00:00:00', 3, 0, 0),
(69, 'Lawrence Mill', 'lawrence_mill', 'pTWxwQSH', 'zilla@mac.com', 2147483647, 'female', '0000-00-00', '0000-00-00', 0, 1, 0, '2019-04-25 02:32:16', '0000-00-00 00:00:00', '0000-00-00 00:00:00', 3, 0, 0),
(70, 'Marcelina Hansen', 'marcelina_hansen', 'PaALXXPP', 'subir@mac.com', 2147483647, 'female', '0000-00-00', '0000-00-00', 0, 1, 0, '2019-04-25 02:32:16', '0000-00-00 00:00:00', '0000-00-00 00:00:00', 2, 0, 0),
(71, 'Erika Nolan', 'erika_nolan', 'beSQUeBn', 'kimvette@mac.com', 2147483647, 'male', '0000-00-00', '0000-00-00', 0, 0, 0, '2019-04-25 02:32:16', '0000-00-00 00:00:00', '0000-00-00 00:00:00', 2, 0, 0),
(72, 'Izzy Philip', 'izzy_philip', 'BQxFjTyv', 'arathi@sbcglobal.net', 2147483647, 'female', '0000-00-00', '0000-00-00', 0, 0, 0, '2019-04-25 02:32:16', '0000-00-00 00:00:00', '0000-00-00 00:00:00', 3, 0, 0),
(73, 'Duke Pritchard', 'duke_pritchard', 'NmyaTKtj', 'frosal@optonline.net', 2147483647, 'male', '0000-00-00', '0000-00-00', 0, 0, 0, '2019-04-25 02:32:16', '0000-00-00 00:00:00', '0000-00-00 00:00:00', 2, 0, 0),
(74, 'Shaun Cooley', 'shaun_cooley', 'Nnpep6nb', 'dmath@yahoo.ca', 2147483647, 'male', '0000-00-00', '0000-00-00', 0, 1, 0, '2019-04-25 02:32:16', '0000-00-00 00:00:00', '0000-00-00 00:00:00', 2, 0, 0),
(75, 'Tonisha Walker', 'tonisha_walker', 'jZm7yTER', 'bbirth@hotmail.com', 2147483647, 'male', '0000-00-00', '0000-00-00', 0, 0, 0, '2019-04-25 02:32:16', '0000-00-00 00:00:00', '0000-00-00 00:00:00', 3, 0, 0),
(76, 'Pedro Cohen', 'pedro_cohen', 'vK8RezXp', 'bryanw@att.net', 2147483647, 'female', '0000-00-00', '0000-00-00', 0, 0, 0, '2019-04-25 02:32:16', '0000-00-00 00:00:00', '0000-00-00 00:00:00', 2, 0, 0),
(77, 'Christiana Stout', 'christiana_stout', '9Hg57VCq', 'codex@outlook.com', 2147483647, 'male', '0000-00-00', '0000-00-00', 0, 1, 0, '2019-04-25 02:32:16', '0000-00-00 00:00:00', '0000-00-00 00:00:00', 2, 0, 0),
(78, 'Yara Fernandez', 'yara_fernandez', 'XhSuWh8V', 'jadavis@optonline.net', 2147483647, 'female', '0000-00-00', '0000-00-00', 0, 1, 0, '2019-04-25 02:32:16', '0000-00-00 00:00:00', '0000-00-00 00:00:00', 2, 0, 0),
(79, 'Keavy Mcgowan', 'keavy_mcgowan', 'srMVKDJ4', 'mchugh@verizon.net', 2147483647, 'male', '0000-00-00', '0000-00-00', 0, 0, 0, '2019-04-25 02:32:16', '0000-00-00 00:00:00', '0000-00-00 00:00:00', 3, 0, 0),
(80, 'Clinton Hatfield', 'clinton_hatfield', 'TvPp6bYJ', 'weazelman@yahoo.com', 2147483647, 'female', '0000-00-00', '0000-00-00', 0, 1, 0, '2019-04-25 02:32:16', '0000-00-00 00:00:00', '0000-00-00 00:00:00', 3, 0, 0),
(81, 'Sahra Blanchard', 'sahra_blanchard', 'GnyyKqNf', 'roamer@optonline.net', 2147483647, 'female', '0000-00-00', '0000-00-00', 0, 1, 0, '2019-04-25 02:32:16', '0000-00-00 00:00:00', '0000-00-00 00:00:00', 2, 0, 0),
(82, 'Susie Mendez', 'susie_mendez', 'wQbUKFZV', 'eidac@att.net', 2147483647, 'male', '0000-00-00', '0000-00-00', 0, 0, 0, '2019-04-25 02:32:16', '0000-00-00 00:00:00', '0000-00-00 00:00:00', 3, 0, 0),
(83, 'Siraj Baxter', 'siraj_baxter', '2qCmaFdN', 'nachbaur@icloud.com', 2147483647, 'male', '0000-00-00', '0000-00-00', 0, 0, 0, '2019-04-25 02:32:16', '0000-00-00 00:00:00', '0000-00-00 00:00:00', 2, 0, 0),
(84, 'Mai Lamb', 'mai_lamb', 'cQ3WpDTC', 'kostas@att.net', 2147483647, 'female', '0000-00-00', '0000-00-00', 0, 1, 0, '2019-04-25 02:32:16', '0000-00-00 00:00:00', '0000-00-00 00:00:00', 2, 0, 0),
(85, 'Kurt Miles', 'kurt_miles', 'gB4uYQBz', 'dcoppit@gmail.com', 2147483647, 'male', '0000-00-00', '0000-00-00', 0, 0, 0, '2019-04-25 02:32:16', '0000-00-00 00:00:00', '0000-00-00 00:00:00', 3, 0, 0),
(86, 'Siena Callaghan', 'siena_callaghan', 'mJZPX7LJ', 'portele@live.com', 2147483647, 'female', '0000-00-00', '0000-00-00', 0, 0, 0, '2019-04-25 02:32:16', '0000-00-00 00:00:00', '0000-00-00 00:00:00', 3, 0, 0),
(87, 'Rhianne Wu', 'rhianne_wu', 'x3JEp8Vn', 'redingtn@yahoo.ca', 2147483647, 'female', '0000-00-00', '0000-00-00', 0, 0, 0, '2019-04-25 02:32:16', '0000-00-00 00:00:00', '0000-00-00 00:00:00', 2, 0, 0),
(88, 'Shola Perry', 'shola_perry', 'JcqLkF4r', 'sinclair@hotmail.com', 2147483647, 'male', '0000-00-00', '0000-00-00', 0, 1, 0, '2019-04-25 02:32:16', '0000-00-00 00:00:00', '0000-00-00 00:00:00', 3, 0, 0),
(89, 'Manha Lowery', 'manha_lowery', 'zTPnDFKc', 'hoyer@gmail.com', 2147483647, 'female', '0000-00-00', '0000-00-00', 0, 0, 0, '2019-04-25 02:32:16', '0000-00-00 00:00:00', '0000-00-00 00:00:00', 3, 0, 0),
(90, 'Manal Kenny', 'manal_kenny', 'cVpPHSeq', 'lridener@sbcglobal.net', 2147483647, 'male', '0000-00-00', '0000-00-00', 0, 0, 0, '2019-04-25 02:32:16', '0000-00-00 00:00:00', '0000-00-00 00:00:00', 3, 0, 0),
(91, 'Arian Gutierrez', 'arian_gutierrez', '9vTLxfTe', 'dsowsy@yahoo.ca', 2147483647, 'male', '0000-00-00', '0000-00-00', 0, 1, 0, '2019-04-25 02:32:16', '0000-00-00 00:00:00', '0000-00-00 00:00:00', 3, 0, 0),
(92, 'Lia Mcdaniel', 'lia_mcdaniel', 'rSN4L9A8', 'harryh@icloud.com', 2147483647, 'male', '0000-00-00', '0000-00-00', 0, 1, 0, '2019-04-25 02:32:16', '0000-00-00 00:00:00', '0000-00-00 00:00:00', 3, 0, 0),
(93, 'Luella Knight', 'luella_knight', '5gtedP5T', 'webdragon@icloud.com', 2147483647, 'female', '0000-00-00', '0000-00-00', 0, 1, 0, '2019-04-25 02:32:16', '0000-00-00 00:00:00', '0000-00-00 00:00:00', 2, 0, 0),
(94, 'Fardeen Gallegos', 'fardeen_gallegos', 'tXZgLxkX', 'bartlett@sbcglobal.net', 2147483647, 'male', '0000-00-00', '0000-00-00', 0, 1, 0, '2019-04-25 02:32:16', '0000-00-00 00:00:00', '0000-00-00 00:00:00', 3, 0, 0),
(95, 'Willa Camacho', 'willa_camacho', '6pRWyWv4', 'dcoppit@att.net', 2147483647, 'female', '0000-00-00', '0000-00-00', 0, 0, 0, '2019-04-25 02:32:16', '0000-00-00 00:00:00', '0000-00-00 00:00:00', 3, 0, 0),
(96, 'Fergus Tomlinson', 'fergus_tomlinson', 'J647EKeP', 'mkearl@gmail.com', 2147483647, 'male', '0000-00-00', '0000-00-00', 0, 0, 0, '2019-04-25 02:32:16', '0000-00-00 00:00:00', '0000-00-00 00:00:00', 3, 0, 0),
(97, 'Malaika Salinas', 'malaika_salinas', 'PggmBar7', 'library@optonline.net', 2147483647, 'female', '0000-00-00', '0000-00-00', 0, 1, 0, '2019-04-25 02:32:16', '0000-00-00 00:00:00', '0000-00-00 00:00:00', 2, 0, 0),
(98, 'Havin Alexander', 'havin_alexander', 'YmhN9VXQ', 'naoya@outlook.com', 2147483647, 'female', '0000-00-00', '0000-00-00', 0, 1, 0, '2019-04-25 02:32:16', '0000-00-00 00:00:00', '0000-00-00 00:00:00', 3, 0, 0),
(99, 'Douglas Wood', 'douglas_wood', '5QYtjZ3d', 'nacho@att.net', 2147483647, 'male', '0000-00-00', '0000-00-00', 0, 1, 0, '2019-04-25 02:32:16', '0000-00-00 00:00:00', '0000-00-00 00:00:00', 3, 0, 0),
(100, 'Aadil Edge', 'aadil_edge', '8jjasBG9', 'jgwang@me.com', 2147483647, 'male', '0000-00-00', '0000-00-00', 0, 0, 0, '2019-04-25 02:32:16', '0000-00-00 00:00:00', '0000-00-00 00:00:00', 2, 0, 0),
(101, 'Missy Parra', 'missy_parra', 'nPb5BxkY', 'pgottsch@att.net', 2147483647, 'male', '0000-00-00', '0000-00-00', 0, 1, 0, '2019-04-25 02:32:16', '0000-00-00 00:00:00', '0000-00-00 00:00:00', 2, 0, 0),
(102, 'Shae Mason', 'shae_mason', '4kFbYmUK', 'chunzi@comcast.net', 2147483647, 'female', '0000-00-00', '0000-00-00', 0, 1, 0, '2019-04-25 02:32:16', '0000-00-00 00:00:00', '0000-00-00 00:00:00', 2, 0, 0),
(103, 'Tyler-James Doherty', 'tyler-james_doherty', 'qqU5NqV3', 'mddallara@sbcglobal.net', 2147483647, 'male', '0000-00-00', '0000-00-00', 0, 1, 0, '2019-04-25 02:32:16', '0000-00-00 00:00:00', '0000-00-00 00:00:00', 3, 0, 0),
(104, 'Luciano Rasmussen', 'luciano_rasmussen', 'gWed39Pb', 'hutton@aol.com', 2147483647, 'male', '0000-00-00', '0000-00-00', 0, 0, 0, '2019-04-25 02:32:16', '0000-00-00 00:00:00', '0000-00-00 00:00:00', 3, 0, 0),
(105, 'Ammarah Ramirez', 'ammarah_ramirez', 'EqJwRDLv', 'geekoid@outlook.com', 2147483647, 'female', '0000-00-00', '0000-00-00', 0, 0, 0, '2019-04-25 02:32:16', '0000-00-00 00:00:00', '0000-00-00 00:00:00', 2, 0, 0),
(106, 'Enrico Cope', 'enrico_cope', 'KW3j94cr', 'rjones@aol.com', 2147483647, 'male', '0000-00-00', '0000-00-00', 0, 1, 0, '2019-04-25 02:32:16', '0000-00-00 00:00:00', '0000-00-00 00:00:00', 3, 0, 0),
(107, 'Freyja Woodard', 'freyja_woodard', 'xPg678JR', 'bflong@msn.com', 2147483647, 'male', '0000-00-00', '0000-00-00', 0, 1, 0, '2019-04-25 02:32:16', '0000-00-00 00:00:00', '0000-00-00 00:00:00', 2, 0, 0),
(108, 'Poppy-Rose Kearns', 'poppy-rose_kearns', 'ReuJF6SP', 'dawnsong@sbcglobal.net', 2147483647, 'male', '0000-00-00', '0000-00-00', 0, 0, 0, '2019-04-25 02:32:16', '0000-00-00 00:00:00', '0000-00-00 00:00:00', 2, 0, 0),
(109, 'Samera Griffin', 'samera_griffin', 'gxLwJpHR', 'keiji@comcast.net', 2147483647, 'female', '0000-00-00', '0000-00-00', 0, 1, 0, '2019-04-25 02:32:16', '0000-00-00 00:00:00', '0000-00-00 00:00:00', 3, 0, 0),
(110, 'Maria Yoder', 'maria_yoder', 'SKQmwy5J', 'jdhedden@yahoo.com', 2147483647, 'male', '0000-00-00', '0000-00-00', 0, 0, 0, '2019-04-25 02:32:16', '0000-00-00 00:00:00', '0000-00-00 00:00:00', 2, 0, 0),
(111, 'Renee Redman', 'renee_redman', 'T4wjDhra', 'sisyphus@me.com', 2147483647, 'female', '0000-00-00', '0000-00-00', 0, 1, 0, '2019-04-25 02:32:16', '0000-00-00 00:00:00', '0000-00-00 00:00:00', 2, 0, 0),
(112, 'Janae Squires', 'janae_squires', 'qHnkgGtv', 'yamla@me.com', 2147483647, 'male', '0000-00-00', '0000-00-00', 0, 1, 0, '2019-04-25 02:32:16', '0000-00-00 00:00:00', '0000-00-00 00:00:00', 2, 0, 0),
(113, 'Zakariah Mccartney', 'zakariah_mccartney', 'TrNmfmZV', 'lpalmer@live.com', 2147483647, 'female', '0000-00-00', '0000-00-00', 0, 1, 0, '2019-04-25 02:32:16', '0000-00-00 00:00:00', '0000-00-00 00:00:00', 3, 0, 0),
(114, 'Iylah Mora', 'iylah_mora', 've9br4X8', 'emcleod@optonline.net', 2147483647, 'female', '0000-00-00', '0000-00-00', 0, 1, 0, '2019-04-25 02:32:16', '0000-00-00 00:00:00', '0000-00-00 00:00:00', 3, 0, 0),
(115, 'Jobe Stokes', 'jobe_stokes', 'wRXTSeZN', 'fairbank@sbcglobal.net', 2147483647, 'male', '0000-00-00', '0000-00-00', 0, 1, 0, '2019-04-25 02:32:16', '0000-00-00 00:00:00', '0000-00-00 00:00:00', 2, 0, 0),
(116, 'Safaa Larson', 'safaa_larson', '7aBghtrE', 'pkplex@hotmail.com', 2147483647, 'male', '0000-00-00', '0000-00-00', 0, 1, 0, '2019-04-25 02:32:16', '0000-00-00 00:00:00', '0000-00-00 00:00:00', 3, 0, 0),
(117, 'Teegan Greenwood', 'teegan_greenwood', 'SQ7rHMsz', 'eegsa@icloud.com', 2147483647, 'female', '0000-00-00', '0000-00-00', 0, 1, 0, '2019-04-25 02:32:16', '0000-00-00 00:00:00', '0000-00-00 00:00:00', 2, 0, 0),
(118, 'Jamaal Clarkson', 'jamaal_clarkson', 'qKuZzFkP', 'crowemojo@sbcglobal.net', 2147483647, 'male', '0000-00-00', '0000-00-00', 0, 1, 0, '2019-04-25 02:32:16', '0000-00-00 00:00:00', '0000-00-00 00:00:00', 3, 0, 0),
(119, 'Dario Montoya', 'dario_montoya', 'pfDhnPuN', 'haddawy@sbcglobal.net', 2147483647, 'female', '0000-00-00', '0000-00-00', 0, 0, 0, '2019-04-25 02:32:16', '0000-00-00 00:00:00', '0000-00-00 00:00:00', 3, 0, 0),
(120, 'Maci Peterson', 'maci_peterson', 'Pub3tPJc', 'frederic@hotmail.com', 2147483647, 'female', '0000-00-00', '0000-00-00', 0, 0, 0, '2019-04-25 02:32:16', '0000-00-00 00:00:00', '0000-00-00 00:00:00', 2, 0, 0),
(121, 'Jed Arnold', 'jed_arnold', 'tKGP3qmx', 'bastian@optonline.net', 2147483647, 'male', '0000-00-00', '0000-00-00', 0, 1, 0, '2019-04-25 02:32:16', '0000-00-00 00:00:00', '0000-00-00 00:00:00', 3, 0, 0),
(122, 'Latoya Barber', 'latoya_barber', 'Y48Sjy4R', 'lpalmer@me.com', 2147483647, 'female', '0000-00-00', '0000-00-00', 0, 0, 0, '2019-04-25 02:32:16', '0000-00-00 00:00:00', '0000-00-00 00:00:00', 3, 0, 0),
(123, 'Mai Roche', 'mai_roche', 'HEtmcpTD', 'bogjobber@icloud.com', 2147483647, 'male', '0000-00-00', '0000-00-00', 0, 1, 0, '2019-04-25 02:32:16', '0000-00-00 00:00:00', '0000-00-00 00:00:00', 2, 0, 0),
(124, 'Maariya Landry', 'maariya_landry', 'ZXweeBK8', 'qmacro@msn.com', 2147483647, 'male', '0000-00-00', '0000-00-00', 0, 0, 0, '2019-04-25 02:32:16', '0000-00-00 00:00:00', '0000-00-00 00:00:00', 2, 0, 0),
(125, 'Enzo Suarez', 'enzo_suarez', 'GfanS6bk', 'aegreene@verizon.net', 2147483647, 'male', '0000-00-00', '0000-00-00', 0, 0, 0, '2019-04-25 02:32:16', '0000-00-00 00:00:00', '0000-00-00 00:00:00', 3, 0, 0),
(126, 'Eisa Warren', 'eisa_warren', 'By45PqXF', 'dobey@yahoo.com', 2147483647, 'female', '0000-00-00', '0000-00-00', 0, 0, 0, '2019-04-25 02:32:16', '0000-00-00 00:00:00', '0000-00-00 00:00:00', 2, 0, 0),
(127, 'Maisha Phillips', 'maisha_phillips', 'W3Ae5L8v', 'terjesa@optonline.net', 2147483647, 'male', '0000-00-00', '0000-00-00', 0, 0, 0, '2019-04-25 02:32:16', '0000-00-00 00:00:00', '0000-00-00 00:00:00', 2, 0, 0),
(128, 'Evie Hodges', 'evie_hodges', 'vJ9Ts7Sk', 'khris@verizon.net', 2147483647, 'female', '0000-00-00', '0000-00-00', 0, 1, 0, '2019-04-25 02:32:16', '0000-00-00 00:00:00', '0000-00-00 00:00:00', 2, 0, 0),
(129, 'Rufus Lu', 'rufus_lu', 'KVuEMzQ6', 'liedra@att.net', 2147483647, 'male', '0000-00-00', '0000-00-00', 0, 0, 0, '2019-04-25 02:32:16', '0000-00-00 00:00:00', '0000-00-00 00:00:00', 2, 0, 0),
(130, 'Harleen Legge', 'harleen_legge', 'LfgF3Qns', 'shazow@comcast.net', 2147483647, 'female', '0000-00-00', '0000-00-00', 0, 1, 0, '2019-04-25 02:32:16', '0000-00-00 00:00:00', '0000-00-00 00:00:00', 3, 0, 0),
(131, 'Anum Ho', 'anum_ho', 'NbYF6P3J', 'geekoid@sbcglobal.net', 2147483647, 'female', '0000-00-00', '0000-00-00', 0, 0, 0, '2019-04-25 02:32:16', '0000-00-00 00:00:00', '0000-00-00 00:00:00', 2, 0, 0),
(132, 'Mercy Barnett', 'mercy_barnett', 'A6mgGBfL', 'devphil@aol.com', 2147483647, 'male', '0000-00-00', '0000-00-00', 0, 0, 0, '2019-04-25 02:32:16', '0000-00-00 00:00:00', '0000-00-00 00:00:00', 2, 0, 0),
(133, 'Humza Neville', 'humza_neville', 'bJqtcD83', 'jaxweb@hotmail.com', 2147483647, 'male', '0000-00-00', '0000-00-00', 0, 0, 0, '2019-04-25 02:32:16', '0000-00-00 00:00:00', '0000-00-00 00:00:00', 2, 0, 0),
(134, 'Lilly-Mae Fenton', 'lilly-mae_fenton', 'eRFPVTzw', 'niknejad@optonline.net', 2147483647, 'female', '0000-00-00', '0000-00-00', 0, 1, 0, '2019-04-25 02:32:16', '0000-00-00 00:00:00', '0000-00-00 00:00:00', 2, 0, 0),
(135, 'Dafydd Freeman', 'dafydd_freeman', 'zuQBJ5GG', 'dodong@yahoo.com', 2147483647, 'male', '0000-00-00', '0000-00-00', 0, 1, 0, '2019-04-25 02:32:16', '0000-00-00 00:00:00', '0000-00-00 00:00:00', 3, 0, 0),
(136, 'Zi Ventura', 'zi_ventura', '6VNwcuwb', 'mugwump@me.com', 2147483647, 'female', '0000-00-00', '0000-00-00', 0, 0, 0, '2019-04-25 02:32:16', '0000-00-00 00:00:00', '0000-00-00 00:00:00', 3, 0, 0),
(137, 'Terrence Marshall', 'terrence_marshall', 'HVbBqJUV', 'garyjb@verizon.net', 2147483647, 'female', '0000-00-00', '0000-00-00', 0, 0, 0, '2019-04-25 02:32:16', '0000-00-00 00:00:00', '0000-00-00 00:00:00', 3, 0, 0),
(138, 'Orlaith Erickson', 'orlaith_erickson', 'xvsDHPYc', 'jdhildeb@gmail.com', 2147483647, 'male', '0000-00-00', '0000-00-00', 0, 1, 0, '2019-04-25 02:32:16', '0000-00-00 00:00:00', '0000-00-00 00:00:00', 3, 0, 0),
(139, 'Yisroel Wall', 'yisroel_wall', 'BWSZ4QxT', 'sburke@optonline.net', 2147483647, 'female', '0000-00-00', '0000-00-00', 0, 0, 0, '2019-04-25 02:32:16', '0000-00-00 00:00:00', '0000-00-00 00:00:00', 2, 0, 0),
(140, 'Martina Mills', 'martina_mills', 'vcPUBTG4', 'scarlet@yahoo.com', 2147483647, 'male', '0000-00-00', '0000-00-00', 0, 1, 0, '2019-04-25 02:32:16', '0000-00-00 00:00:00', '0000-00-00 00:00:00', 2, 0, 0),
(141, 'Lily-Grace Snow', 'lily-grace_snow', 'PnNGM2Nt', 'pajas@outlook.com', 2147483647, 'male', '0000-00-00', '0000-00-00', 0, 1, 0, '2019-04-25 02:32:16', '0000-00-00 00:00:00', '0000-00-00 00:00:00', 2, 0, 0),
(142, 'Keeva Ford', 'keeva_ford', 'fX7DP4E9', 'errxn@mac.com', 2147483647, 'male', '0000-00-00', '0000-00-00', 0, 1, 0, '2019-04-25 02:32:16', '0000-00-00 00:00:00', '0000-00-00 00:00:00', 3, 0, 0),
(143, 'Christina Tierney', 'christina_tierney', 'yNaBJLx6', 'ninenine@gmail.com', 2147483647, 'female', '0000-00-00', '0000-00-00', 0, 1, 0, '2019-04-25 02:32:16', '0000-00-00 00:00:00', '0000-00-00 00:00:00', 3, 0, 0),
(144, 'Nannie Adam', 'nannie_adam', 'ZWyN6KwN', 'bancboy@me.com', 2147483647, 'male', '0000-00-00', '0000-00-00', 0, 1, 0, '2019-04-25 02:32:16', '0000-00-00 00:00:00', '0000-00-00 00:00:00', 3, 0, 0),
(145, 'Carwyn Gillespie', 'carwyn_gillespie', 'GEFwck4w', 'birddog@optonline.net', 2147483647, 'female', '0000-00-00', '0000-00-00', 0, 1, 0, '2019-04-25 02:32:16', '0000-00-00 00:00:00', '0000-00-00 00:00:00', 3, 0, 0),
(146, 'Eloise Cruz', 'eloise_cruz', 'GvLTatNc', 'aegreene@verizon.net', 2147483647, 'male', '0000-00-00', '0000-00-00', 0, 1, 0, '2019-04-25 02:32:16', '0000-00-00 00:00:00', '0000-00-00 00:00:00', 2, 0, 0),
(147, 'Vikram O''Gallagher', 'vikram_o''gallagher', 'MQjak32b', 'ajlitt@gmail.com', 2147483647, 'female', '0000-00-00', '0000-00-00', 0, 1, 0, '2019-04-25 02:32:16', '0000-00-00 00:00:00', '0000-00-00 00:00:00', 3, 0, 0),
(148, 'Bethanie Muir', 'bethanie_muir', '5kKLnKh7', 'jorgb@outlook.com', 2147483647, 'female', '0000-00-00', '0000-00-00', 0, 1, 0, '2019-04-25 02:32:16', '0000-00-00 00:00:00', '0000-00-00 00:00:00', 3, 0, 0),
(149, 'Tierney Drew', 'tierney_drew', 'ctXsZNYE', 'chance@me.com', 2147483647, 'male', '0000-00-00', '0000-00-00', 0, 0, 0, '2019-04-25 02:32:16', '0000-00-00 00:00:00', '0000-00-00 00:00:00', 2, 0, 0),
(150, 'Rahma Franco', 'rahma_franco', 'bWYTp2rN', 'sjmuir@yahoo.com', 2147483647, 'male', '0000-00-00', '0000-00-00', 0, 0, 0, '2019-04-25 02:32:16', '0000-00-00 00:00:00', '0000-00-00 00:00:00', 2, 0, 0),
(151, 'Tamsin Cortez', 'tamsin_cortez', 'DYDKJ7Bn', 'floxy@comcast.net', 2147483647, 'male', '0000-00-00', '0000-00-00', 0, 1, 0, '2019-04-25 02:32:16', '0000-00-00 00:00:00', '0000-00-00 00:00:00', 2, 0, 0),
(152, 'Bevan Kenny', 'bevan_kenny', 'CFK7hLuy', 'geekoid@msn.com', 2147483647, 'female', '0000-00-00', '0000-00-00', 0, 1, 0, '2019-04-25 02:32:16', '0000-00-00 00:00:00', '0000-00-00 00:00:00', 2, 0, 0),
(153, 'Tayler Bowler', 'tayler_bowler', 'PT6jwfdc', 'nwiger@live.com', 2147483647, 'female', '0000-00-00', '0000-00-00', 0, 1, 0, '2019-04-25 02:32:16', '0000-00-00 00:00:00', '0000-00-00 00:00:00', 3, 0, 0),
(154, 'Madelaine Leon', 'madelaine_leon', '9U9PC46B', 'mcmillan@me.com', 2147483647, 'male', '0000-00-00', '0000-00-00', 0, 0, 0, '2019-04-25 02:32:16', '0000-00-00 00:00:00', '0000-00-00 00:00:00', 2, 0, 0),
(155, 'Ralphy Spencer', 'ralphy_spencer', 'qYaVATk7', 'crobles@yahoo.ca', 2147483647, 'female', '0000-00-00', '0000-00-00', 0, 1, 0, '2019-04-25 02:32:16', '0000-00-00 00:00:00', '0000-00-00 00:00:00', 2, 0, 0),
(156, 'Kenzie Wilkinson', 'kenzie_wilkinson', '4bhfHjDz', 'boein@optonline.net', 2147483647, 'male', '0000-00-00', '0000-00-00', 0, 0, 0, '2019-04-25 02:32:16', '0000-00-00 00:00:00', '0000-00-00 00:00:00', 3, 0, 0),
(157, 'Miruna Walters', 'miruna_walters', 'JzPKXTH6', 'leocharre@outlook.com', 2147483647, 'male', '0000-00-00', '0000-00-00', 0, 1, 0, '2019-04-25 02:32:16', '0000-00-00 00:00:00', '0000-00-00 00:00:00', 2, 0, 0),
(158, 'Rowan Drake', 'rowan_drake', 'AqeMav8q', 'bsikdar@me.com', 2147483647, 'male', '0000-00-00', '0000-00-00', 0, 1, 0, '2019-04-25 02:32:16', '0000-00-00 00:00:00', '0000-00-00 00:00:00', 2, 0, 0),
(159, 'Tony Mclellan', 'tony_mclellan', 'AhfVCXdN', 'nasor@optonline.net', 2147483647, 'female', '0000-00-00', '0000-00-00', 0, 1, 0, '2019-04-25 02:32:16', '0000-00-00 00:00:00', '0000-00-00 00:00:00', 2, 0, 0),
(160, 'Ismael Xiong', 'ismael_xiong', '5STNVruk', 'manuals@comcast.net', 2147483647, 'male', '0000-00-00', '0000-00-00', 0, 0, 0, '2019-04-25 02:32:16', '0000-00-00 00:00:00', '0000-00-00 00:00:00', 3, 0, 0),
(161, 'Zayan Sutton', 'zayan_sutton', 'uJw3jA38', 'alias@yahoo.com', 2147483647, 'female', '0000-00-00', '0000-00-00', 0, 1, 0, '2019-04-25 02:32:16', '0000-00-00 00:00:00', '0000-00-00 00:00:00', 3, 0, 0),
(162, 'Kayley Gregory', 'kayley_gregory', 'P8GUzrra', 'frosal@gmail.com', 2147483647, 'male', '0000-00-00', '0000-00-00', 0, 0, 0, '2019-04-25 02:32:16', '0000-00-00 00:00:00', '0000-00-00 00:00:00', 2, 0, 0),
(163, 'Ceara Alcock', 'ceara_alcock', 'Cg7A65Fz', 'lstein@msn.com', 2147483647, 'female', '0000-00-00', '0000-00-00', 0, 0, 0, '2019-04-25 02:32:16', '0000-00-00 00:00:00', '0000-00-00 00:00:00', 2, 0, 0),
(164, 'Rudra Patrick', 'rudra_patrick', 'krY53Jjb', 'pdbaby@hotmail.com', 2147483647, 'female', '0000-00-00', '0000-00-00', 0, 1, 0, '2019-04-25 02:32:16', '0000-00-00 00:00:00', '0000-00-00 00:00:00', 3, 0, 0),
(165, 'Ilayda Henderson', 'ilayda_henderson', 'jy7nqYF4', 'webteam@mac.com', 2147483647, 'male', '0000-00-00', '0000-00-00', 0, 1, 0, '2019-04-25 02:32:16', '0000-00-00 00:00:00', '0000-00-00 00:00:00', 3, 0, 0),
(166, 'Yuvraj Rennie', 'yuvraj_rennie', 's9sEf222', 'arandal@yahoo.ca', 2147483647, 'male', '0000-00-00', '0000-00-00', 0, 0, 0, '2019-04-25 02:32:16', '0000-00-00 00:00:00', '0000-00-00 00:00:00', 2, 0, 0),
(167, 'Pixie Lee', 'pixie_lee', 'Y6dFAFxY', 'dunstan@mac.com', 2147483647, 'female', '0000-00-00', '0000-00-00', 0, 0, 0, '2019-04-25 02:32:16', '0000-00-00 00:00:00', '0000-00-00 00:00:00', 3, 0, 0),
(168, 'Keenan Archer', 'keenan_archer', 'NzwmMZRj', 'galbra@comcast.net', 2147483647, 'male', '0000-00-00', '0000-00-00', 0, 1, 0, '2019-04-25 02:32:16', '0000-00-00 00:00:00', '0000-00-00 00:00:00', 3, 0, 0),
(169, 'Corben Mackay', 'corben_mackay', 'K5fr29rj', 'jmmuller@optonline.net', 2147483647, 'female', '0000-00-00', '0000-00-00', 0, 1, 0, '2019-04-25 02:32:16', '0000-00-00 00:00:00', '0000-00-00 00:00:00', 3, 0, 0),
(170, 'Anastazja Booker', 'anastazja_booker', '8tzYk4JA', 'hling@yahoo.com', 2147483647, 'female', '0000-00-00', '0000-00-00', 0, 1, 0, '2019-04-25 02:32:16', '0000-00-00 00:00:00', '0000-00-00 00:00:00', 2, 0, 0),
(171, 'Luella Torres', 'luella_torres', 'DfLpJqCj', 'chaikin@live.com', 2147483647, 'male', '0000-00-00', '0000-00-00', 0, 0, 0, '2019-04-25 02:32:16', '0000-00-00 00:00:00', '0000-00-00 00:00:00', 2, 0, 0),
(172, 'Yusuf Mcintyre', 'yusuf_mcintyre', 'Du4NTwwg', 'shrapnull@icloud.com', 2147483647, 'female', '0000-00-00', '0000-00-00', 0, 0, 0, '2019-04-25 02:32:16', '0000-00-00 00:00:00', '0000-00-00 00:00:00', 3, 0, 0),
(173, 'Edna Juarez', 'edna_juarez', 'v7WbgaxH', 'nimaclea@yahoo.com', 2147483647, 'male', '0000-00-00', '0000-00-00', 0, 0, 0, '2019-04-25 02:32:16', '0000-00-00 00:00:00', '0000-00-00 00:00:00', 2, 0, 0),
(174, 'Nylah Blackburn', 'nylah_blackburn', 'ABGsYTxS', 'lridener@gmail.com', 2147483647, 'male', '0000-00-00', '0000-00-00', 0, 1, 0, '2019-04-25 02:32:16', '0000-00-00 00:00:00', '0000-00-00 00:00:00', 2, 0, 0),
(175, 'Stan Michael', 'stan_michael', 'hZ5kChSa', 'treit@verizon.net', 2147483647, 'male', '0000-00-00', '0000-00-00', 0, 0, 0, '2019-04-25 02:32:16', '0000-00-00 00:00:00', '0000-00-00 00:00:00', 3, 0, 0),
(176, 'Janet Armitage', 'janet_armitage', 'bAUt5dXB', 'wonderkid@gmail.com', 2147483647, 'female', '0000-00-00', '0000-00-00', 0, 0, 0, '2019-04-25 02:32:16', '0000-00-00 00:00:00', '0000-00-00 00:00:00', 2, 0, 0),
(177, 'Esmai Mccall', 'esmai_mccall', 'HsJe92cr', 'pmint@comcast.net', 2147483647, 'male', '0000-00-00', '0000-00-00', 0, 1, 0, '2019-04-25 02:32:16', '0000-00-00 00:00:00', '0000-00-00 00:00:00', 2, 0, 0),
(178, 'Javan Corona', 'javan_corona', 'Ea9tNx2z', 'bradl@mac.com', 2147483647, 'female', '0000-00-00', '0000-00-00', 0, 1, 0, '2019-04-25 02:32:16', '0000-00-00 00:00:00', '0000-00-00 00:00:00', 2, 0, 0),
(179, 'Conna Riley', 'conna_riley', 'dhTgUXwt', 'zyghom@optonline.net', 2147483647, 'male', '0000-00-00', '0000-00-00', 0, 0, 0, '2019-04-25 02:32:16', '0000-00-00 00:00:00', '0000-00-00 00:00:00', 3, 0, 0),
(180, 'Valerie Rodriguez', 'valerie_rodriguez', 'xyBzEXEM', 'errxn@msn.com', 2147483647, 'female', '0000-00-00', '0000-00-00', 0, 1, 0, '2019-04-25 02:32:16', '0000-00-00 00:00:00', '0000-00-00 00:00:00', 3, 0, 0),
(181, 'Camron Rose', 'camron_rose', 'vK8T9zz8', 'aukjan@sbcglobal.net', 2147483647, 'female', '0000-00-00', '0000-00-00', 0, 1, 0, '2019-04-25 02:32:16', '0000-00-00 00:00:00', '0000-00-00 00:00:00', 2, 0, 0),
(182, 'Manisha Ellis', 'manisha_ellis', 'BVwGXDDt', 'yxing@aol.com', 2147483647, 'male', '0000-00-00', '0000-00-00', 0, 0, 0, '2019-04-25 02:32:16', '0000-00-00 00:00:00', '0000-00-00 00:00:00', 3, 0, 0),
(183, 'Muhamed Holcomb', 'muhamed_holcomb', 'VaGKZ96L', 'firstpr@icloud.com', 2147483647, 'male', '0000-00-00', '0000-00-00', 0, 0, 0, '2019-04-25 02:32:16', '0000-00-00 00:00:00', '0000-00-00 00:00:00', 2, 0, 0),
(184, 'Ursula Gentry', 'ursula_gentry', 'x65EJzCX', 'geekgrl@aol.com', 2147483647, 'female', '0000-00-00', '0000-00-00', 0, 1, 0, '2019-04-25 02:32:16', '0000-00-00 00:00:00', '0000-00-00 00:00:00', 2, 0, 0),
(185, 'Savanna Brooks', 'savanna_brooks', 'tRVHkSaf', 'brainless@optonline.net', 2147483647, 'male', '0000-00-00', '0000-00-00', 0, 0, 0, '2019-04-25 02:32:16', '0000-00-00 00:00:00', '0000-00-00 00:00:00', 3, 0, 0),
(186, 'Alfie Murray', 'alfie_murray', '5VmKvCyF', 'noahb@yahoo.ca', 2147483647, 'female', '0000-00-00', '0000-00-00', 0, 0, 0, '2019-04-25 02:32:16', '0000-00-00 00:00:00', '0000-00-00 00:00:00', 3, 0, 0),
(187, 'Soraya Evans', 'soraya_evans', 'qC8gfmZg', 'mschilli@verizon.net', 2147483647, 'female', '0000-00-00', '0000-00-00', 0, 0, 0, '2019-04-25 02:32:16', '0000-00-00 00:00:00', '0000-00-00 00:00:00', 2, 0, 0),
(188, 'Malaikah Whitehead', 'malaikah_whitehead', 'QJ4FbRc2', 'lbecchi@gmail.com', 2147483647, 'male', '0000-00-00', '0000-00-00', 0, 1, 0, '2019-04-25 02:32:16', '0000-00-00 00:00:00', '0000-00-00 00:00:00', 3, 0, 0),
(189, 'Joann Currie', 'joann_currie', 'SwVBkhjv', 'rhialto@hotmail.com', 2147483647, 'female', '0000-00-00', '0000-00-00', 0, 0, 0, '2019-04-25 02:32:16', '0000-00-00 00:00:00', '0000-00-00 00:00:00', 3, 0, 0),
(190, 'Harri Partridge', 'harri_partridge', 'VLefmBCF', 'wayward@icloud.com', 2147483647, 'male', '0000-00-00', '0000-00-00', 0, 0, 0, '2019-04-25 02:32:16', '0000-00-00 00:00:00', '0000-00-00 00:00:00', 3, 0, 0),
(191, 'Talitha Grey', 'talitha_grey', 'Pga6bWAf', 'schumer@aol.com', 2147483647, 'male', '0000-00-00', '0000-00-00', 0, 1, 0, '2019-04-25 02:32:16', '0000-00-00 00:00:00', '0000-00-00 00:00:00', 3, 0, 0),
(192, 'Stuart Laing', 'stuart_laing', 'Yg9qumAe', 'pjacklam@optonline.net', 2147483647, 'male', '0000-00-00', '0000-00-00', 0, 1, 0, '2019-04-25 02:32:16', '0000-00-00 00:00:00', '0000-00-00 00:00:00', 3, 0, 0),
(193, 'Aroush Hampton', 'aroush_hampton', 'pR4n9Rug', 'saridder@optonline.net', 2147483647, 'female', '0000-00-00', '0000-00-00', 0, 1, 0, '2019-04-25 02:32:16', '0000-00-00 00:00:00', '0000-00-00 00:00:00', 2, 0, 0),
(194, 'Melanie Wiggins', 'melanie_wiggins', 'amWrpCff', 'csilvers@live.com', 2147483647, 'male', '0000-00-00', '0000-00-00', 0, 1, 0, '2019-04-25 02:32:16', '0000-00-00 00:00:00', '0000-00-00 00:00:00', 3, 0, 0),
(195, 'Quentin Boyle', 'quentin_boyle', 'bddfybE7', 'kiddailey@verizon.net', 2147483647, 'female', '0000-00-00', '0000-00-00', 0, 0, 0, '2019-04-25 02:32:16', '0000-00-00 00:00:00', '0000-00-00 00:00:00', 3, 0, 0),
(196, 'Isabella-Rose Carney', 'isabella-rose_carney', 'EPWLDFan', 'helger@sbcglobal.net', 2147483647, 'male', '0000-00-00', '0000-00-00', 0, 0, 0, '2019-04-25 02:32:16', '0000-00-00 00:00:00', '0000-00-00 00:00:00', 3, 0, 0),
(197, 'Habibah Bowman', 'habibah_bowman', 'UuYAB8ap', 'wonderkid@optonline.net', 2147483647, 'female', '0000-00-00', '0000-00-00', 0, 1, 0, '2019-04-25 02:32:16', '0000-00-00 00:00:00', '0000-00-00 00:00:00', 2, 0, 0),
(198, 'Muhammed Hoffman', 'muhammed_hoffman', 'Ve46M5wf', 'sokol@live.com', 2147483647, 'female', '0000-00-00', '0000-00-00', 0, 1, 0, '2019-04-25 02:32:16', '0000-00-00 00:00:00', '0000-00-00 00:00:00', 3, 0, 0),
(199, 'Mabel Rooney', 'mabel_rooney', 'zUcPrQvj', 'engelen@icloud.com', 2147483647, 'male', '0000-00-00', '0000-00-00', 0, 1, 0, '2019-04-25 02:32:16', '0000-00-00 00:00:00', '0000-00-00 00:00:00', 3, 0, 0),
(200, 'Gareth Smith', 'gareth_smith', 'x2r8BWce', 'grinder@yahoo.ca', 2147483647, 'male', '0000-00-00', '0000-00-00', 0, 0, 0, '2019-04-25 02:32:16', '0000-00-00 00:00:00', '0000-00-00 00:00:00', 2, 0, 0),
(201, 'Nikhil Nagdev', 'nikhil_nagdev', 'Nikhil@123', 'nnagdev@gmail.com', 2147483647, 'male', '0000-00-00', '0000-00-00', 0, 1, 0, '2019-04-25 02:32:16', '0000-00-00 00:00:00', '0000-00-00 00:00:00', 2, 0, 0);

-- --------------------------------------------------------

--
-- Table structure for table `user_role`
--

CREATE TABLE `user_role` (
  `user_id` int(11) NOT NULL,
  `role` int(11) NOT NULL
) ENGINE=InnoDB DEFAULT CHARSET=latin1;

--
-- Indexes for dumped tables
--

--
-- Indexes for table `answer`
--
ALTER TABLE `answer`
  ADD PRIMARY KEY (`answer_id`);

--
-- Indexes for table `batch`
--
ALTER TABLE `batch`
  ADD PRIMARY KEY (`batch_id`);

--
-- Indexes for table `branch`
--
ALTER TABLE `branch`
  ADD PRIMARY KEY (`branch_id`);

--
-- Indexes for table `chapter`
--
ALTER TABLE `chapter`
  ADD PRIMARY KEY (`chapter_id`);

--
-- Indexes for table `class`
--
ALTER TABLE `class`
  ADD PRIMARY KEY (`class_id`);

--
-- Indexes for table `hod`
--
ALTER TABLE `hod`
  ADD PRIMARY KEY (`hod_id`);

--
-- Indexes for table `notification`
--
ALTER TABLE `notification`
  ADD PRIMARY KEY (`notification_id`);

--
-- Indexes for table `parent`
--
ALTER TABLE `parent`
  ADD PRIMARY KEY (`parent_id`);

--
-- Indexes for table `question`
--
ALTER TABLE `question`
  ADD PRIMARY KEY (`question_id`);

--
-- Indexes for table `quiz`
--
ALTER TABLE `quiz`
  ADD PRIMARY KEY (`quiz_id`);

--
-- Indexes for table `student`
--
ALTER TABLE `student`
  ADD PRIMARY KEY (`student_id`);

--
-- Indexes for table `student_quiz_question`
--
ALTER TABLE `student_quiz_question`
  ADD PRIMARY KEY (`student_quiz_question_id`);

--
-- Indexes for table `subject`
--
ALTER TABLE `subject`
  ADD PRIMARY KEY (`subject_id`);

--
-- Indexes for table `teacher`
--
ALTER TABLE `teacher`
  ADD PRIMARY KEY (`teacher_id`);

--
-- Indexes for table `user`
--
ALTER TABLE `user`
  ADD PRIMARY KEY (`user_id`);

--
-- Indexes for table `user_role`
--
ALTER TABLE `user_role`
  ADD PRIMARY KEY (`user_id`);

--
-- AUTO_INCREMENT for dumped tables
--

--
-- AUTO_INCREMENT for table `branch`
--
ALTER TABLE `branch`
  MODIFY `branch_id` int(11) NOT NULL AUTO_INCREMENT, AUTO_INCREMENT=6;
--
-- AUTO_INCREMENT for table `chapter`
--
ALTER TABLE `chapter`
  MODIFY `chapter_id` int(11) NOT NULL AUTO_INCREMENT, AUTO_INCREMENT=19;
--
-- AUTO_INCREMENT for table `class`
--
ALTER TABLE `class`
  MODIFY `class_id` int(11) NOT NULL AUTO_INCREMENT, AUTO_INCREMENT=5;
--
-- AUTO_INCREMENT for table `hod`
--
ALTER TABLE `hod`
  MODIFY `hod_id` int(11) NOT NULL AUTO_INCREMENT;
--
-- AUTO_INCREMENT for table `notification`
--
ALTER TABLE `notification`
  MODIFY `notification_id` int(11) NOT NULL AUTO_INCREMENT;
--
-- AUTO_INCREMENT for table `parent`
--
ALTER TABLE `parent`
  MODIFY `parent_id` int(11) NOT NULL AUTO_INCREMENT;
--
-- AUTO_INCREMENT for table `question`
--
ALTER TABLE `question`
  MODIFY `question_id` int(11) NOT NULL AUTO_INCREMENT, AUTO_INCREMENT=70;
--
-- AUTO_INCREMENT for table `quiz`
--
ALTER TABLE `quiz`
  MODIFY `quiz_id` int(11) NOT NULL AUTO_INCREMENT, AUTO_INCREMENT=7;
--
-- AUTO_INCREMENT for table `student`
--
ALTER TABLE `student`
  MODIFY `student_id` int(11) NOT NULL AUTO_INCREMENT, AUTO_INCREMENT=185;
--
-- AUTO_INCREMENT for table `student_quiz_question`
--
ALTER TABLE `student_quiz_question`
  MODIFY `student_quiz_question_id` int(11) NOT NULL AUTO_INCREMENT, AUTO_INCREMENT=2621;
--
-- AUTO_INCREMENT for table `subject`
--
ALTER TABLE `subject`
  MODIFY `subject_id` int(11) NOT NULL AUTO_INCREMENT, AUTO_INCREMENT=11;
--
-- AUTO_INCREMENT for table `teacher`
--
ALTER TABLE `teacher`
  MODIFY `teacher_id` int(11) NOT NULL AUTO_INCREMENT, AUTO_INCREMENT=12;
--
-- AUTO_INCREMENT for table `user`
--
ALTER TABLE `user`
  MODIFY `user_id` int(11) NOT NULL AUTO_INCREMENT, AUTO_INCREMENT=205;
/*!40101 SET CHARACTER_SET_CLIENT=@OLD_CHARACTER_SET_CLIENT */;
/*!40101 SET CHARACTER_SET_RESULTS=@OLD_CHARACTER_SET_RESULTS */;
/*!40101 SET COLLATION_CONNECTION=@OLD_COLLATION_CONNECTION */;
